구분1,이름,구분,도로명,지번,위도,경도,행정동
대구광역시경찰청,대구중부경찰서,경찰서,중구 경상감영길 55,중구 포정동,35.87206027,128.5924126,성내2동
대구광역시경찰청,대구동부경찰서,경찰서,동구 반야월북로 209,동구 각산동,35.87429331,128.7205561,안심4동
대구광역시경찰청,대구서부경찰서,경찰서,서구 국채보상로 249,서구 평리동,35.87182832,128.5584546,평리3동
대구광역시경찰청,대구남부경찰서,경찰서,남구 대명로 249,남구 대명동,35.84223066,128.5836517,대명5동
대구광역시경찰청,대구북부경찰서,경찰서,북구 원대로 100,북구 침산동,35.88645103,128.5826471,침산3동
대구광역시경찰청,대구수성경찰서,경찰서,수성구 달구벌대로 2460,수성구 범어동,35.85822324,128.6316252,범어1동
대구광역시경찰청,대구달서경찰서,경찰서,달서구 학산로 55,달서구 월성동,35.83049708,128.5335384,월성2동
대구광역시경찰청,대구성서경찰서,경찰서,달서구 달구벌대로 259길 15,달서구 이곡동,35.85321888,128.5087741,이곡1동
대구광역시경찰청,대구달성경찰서,경찰서,달성군 현평면 현풍중앙로 16,달성군 현풍읍,35.69746402,128.4476559,현풍읍
대구광역시경찰청,대구강북경찰서,경찰서,북구 동암로 130,북구 구암동,35.94348049,128.5651392,구암동
대구중부,서문,지구대,대구광역시 중구  국채보상로 99길 12,중구 동산동,35.87135245,128.5839125,성내3동
대구중부,동덕,지구대,대구광역시 중구 국채보상로 140길 16,중구 동인동,35.86807348,128.6060264,동인동
대구중부,남산,지구대,대구광역시 중구  달구벌대로 2048,중구 남산동,35.86605354,128.5876602,남산2동
대구동부,큰고개,지구대,대구광역시 동구  큰고개로36,동구 신암동,35.8878605,128.6251312,신암4동
대구동부,동촌,지구대,대구광역시 동구  해동로 184,동구 검사동,35.88652005,128.648863,동촌동
대구동부,안심,지구대,대구광역시 동구  반야월로 219,동구 동호동,35.87227953,128.7128367,안심4동
대구동부,남신암,지구대,대구광역시 동구  대현로 126 ,동구 신암동,35.88136066,128.6123988,신암2동
대구동부,동대구,지구대,대구광역시 동구  동대구로85길 53 ,동구 신천동,35.8749709,128.6242658,신천3동
대구서부,평산,지구대,대구광역시 서구  달서로26길 1,서구 비산동,35.87335247,128.5714807,비산2.3동
대구서부,서도,지구대,대구광역시 서구  국채보상로 260,서구 평리동,35.87100015,128.5595113,평리4동
대구서부,이현,지구대,대구광역시 서구  국채보상로 117,서구 이현동,35.86904694,128.5439548,상중이동
대구서부,비원,지구대,대구광역시 서구  고성로 83,서구 원대동,35.88353115,128.5754715,원대동
대구남부,봉천,지구대,대구광역시 남구  봉덕로 87,서구 봉덕동,35.84500317,128.6001955,봉덕1동
대구남부,동대명,지구대,대구광역시 남구  양지로 100,남구 대명동,35.85124152,128.5790918,대명3동
대구북부,노원,지구대,대구광역시 북구  오봉로 122,북구 침산동,35.8984385,128.5793668,침산1동
대구북부,복현,지구대,대구광역시 북구  경진로1길 50,북구 복현동,35.89428983,128.6178184,복현1동
대구북부,고성,지구대,대구광역시 북구  침산로 24,북구 칠성동,35.8786626,128.5890029,칠성동
대구북부,산격,지구대,대구광역시 북구  연암로 114,북구 산격동,35.89458485,128.5947209,산격1동
대구수성,고산,지구대,대구광역시 수성구  고산로 150,수성구 매호동,35.84383907,128.706515,고산3동
대구수성,황금,지구대,대구광역시 수성구  청수로 245,수성구 황금동,35.84103091,128.6346882,황금1동
대구수성,만촌,지구대,대구광역시 수성구  무열로 111,수성구 만촌동,35.86828229,128.6488606,만촌2동
대구수성,상동,지구대,대구광역시 수성구  들안로 54,수성구 두산동,35.83451449,128.6171873,두산동
대구수성,지산,지구대,대구광역시 수성구  지범로 155,수성구 지산동,35.82312023,128.6371856,지산2동
대구수성,범어,지구대,대구광역시 수성구  동대구로 313,수성구 범어동,35.85848743,128.6250926,범어1동
대구달서,월배,지구대,대구광역시 달서구  월배로 108,달서구 진천동,35.81416953,128.5263825,진천동
대구달서,상인,지구대,대구광역시 달서구  상인서로 36,달서구 상인동,35.81403887,128.5449798,상인1동
대구달서,송현,지구대,대구광역시 달서구  학산로 184,달서구 송현동,35.8336111,128.5465891,송현2동
대구성서,신당,지구대,대구광역시 달서구  선원로 62,달서구 신당동,35.85896712,128.4991482,신당동
대구달성,다사,지구대,대구광역시 달성군 다사읍 세천로 100 ,달성군 다사읍,35.87316261,128.4724847,다사읍
대구강북,동천,지구대,대구광역시 북구  구암로 157,북구 동천동,35.93188207,128.5580301,동천동
대구강북,강북,지구대,대구광역시 북구  동암로 171 ,북구 국우동,35.94367695,128.569747,국우동
대구중부,중앙,파출소,대구광역시 중구  중앙대로 81길 88,중구 수동,35.86963756,128.5888191,성내2동
대구동부,팔공,파출소,대구광역시 동구 팔공로 197길 47,동구 백안동,35.9561988,128.6914726,공산동
대구동부,공산,파출소,대구광역시 동구 파계로 546,동구 중대동,35.97914513,128.6336837,공산동
대구동부,봉무불로,파출소,대구광역시 동구 위남로9,동구 봉무동,35.92725306,128.6401197,불로.봉무동
대구동부,동내혁신,파출소,대구 동구 동내로 120,동구 동내동,35.88162472,128.7338911,혁신동
대구서부,내당4동,파출소,대구광역시 서구  달구벌대로 1737,서구 내당동,35.85731004,128.5551211,내당4동
대구남부,서대명,파출소,대구광역시 남구 대명남로 177,남구 대명동,35.83581901,128.577519,대명9동
대구남부,대명,파출소,대구광역시 남구  두류공원로 113,남구 대명동,35.84613603,128.5672713,대명4동
대구남부,남대명,파출소,대구광역시 남구  대명남로 55,남구 대명동,35.83514557,128.5642856,대명6동
대구수성,파동,파출소,대구광역시 수성구  파동로 2길 30,수성구 파동,35.80860616,128.6212817,파동
대구달서,월성,파출소,대구광역시 달서구  월성로 69,달성구 월성동,35.83079525,128.5280585,월성2동
대구달서,대곡,파출소,대구광역시 달서구  갈밭로 51,달서구 대곡동,35.80324284,128.5286183,도원동
대구성서,죽전,파출소,대구광역시 달서구  용산로 212,달서구 용산동,35.85652909,128.5309608,용산1동
대구성서,성당,파출소,대구광역시 달서구  구마로39길 83-16,달서구 성당동,35.84122002,128.5470844,성당동
대구성서,두류3동,파출소,대구광역시 달서구  야외음악당로 202,달서구 두류동,35.85337429,128.5573663,두류3동
대구성서,성서,파출소,대구광역시 달서구  달구벌대로 1327,달서구 이곡동,35.85121095,128.5125843,이곡1동
대구성서,용산,파출소,대구광역시 달서구  선원로 276,달서구 용산동,35.85855822,128.522801,용산2동
대구성서,두류,파출소,대구광역시 달서구  야외음악당로 280,달서구 두류동,35.8564233,128.5647883,내당1동
대구성서,감삼,파출소,대구광역시 달서구  달구벌대로 1606,달서구 감삼동,35.85175252,128.5423604,감삼동
대구달성,가창,파출소,대구광역시 달성군 가창면 가창로 1076,달성군 가창면,35.80062538,128.6231799,가창면
대구달성,공단,파출소,대구광역시 달성군 논공읍 논공중앙로33길 7,달성군 논공읍,35.73032051,128.4528195,논공읍
대구달성,논공,파출소,대구광역시 달성군 논공읍 비슬로 1788,달성군 논공읍,35.77398521,128.4212174,논공읍
대구달성,구지,파출소,대구광역시 달성군 구지면 창리로11길 51,달성군 구지면,35.65930274,128.413253,구지면
대구달성,화남,파출소,대구광역시 달성군 화원읍 비슬로 2480,달성군 화원읍,35.79868974,128.4899384,화원읍
대구달성,화원,파출소,대구광역시 달성군 화원읍 명천로 100,달성군 화원읍,35.80258595,128.5070904,화원읍
대구달성,옥포,파출소,대구광역시 달성군 옥포읍 비슬로 2294 ,달성군 옥포읍,35.79036651,128.4721522,옥포읍
대구달성,현풍,파출소,대구광역시 달성군 현풍읍 현풍중앙로 70,달성군 현풍읍,35.69563198,128.4451081,현풍읍
대구달성,유가,파출소,대구광역시 달성군 유가읍 테크노상업로 99,달성군 유가읍,35.69388939,128.460462,유가읍
대구달성,하빈,파출소,대구광역시 달성군 하빈면 달구벌대로 55길 58-4,달성군 하빕면,35.87608172,128.4214583,하빈면
대구강북,무태,파출소,대구광역시 북구  서변로 62,북구 서변동,35.92136142,128.5967897,무태조야동
대구강북,관문,파출소,대구광역시 북구 한강로 103,북구 금호동,35.89642209,128.5209454,관문동
대구군위,중앙,파출소,대구광역시 군위군 군위읍 중앙길 73,군위군 군위읍,36.23505306,128.5662253,군위읍
대구군위,효령,파출소,대구광역시 군위군 효령면 치산효령로 2383,군위군 효령면,36.1560799,128.5869715,효령면
대구군위,부계,파출소,대구광역시 군위군 부계면 창평길 29,군위군 부계면,36.09882163,128.6655597,부계면
대구군위,의흥,파출소,대구광역시 군위군 의흥면 읍내6길 7,군위군 의흥면,36.17519337,128.7171499,의흥면
대구중부,서문시장치안센터,치안센터,대구광역시 중구 큰장로28길 2,중구 대신동,35.8696069,128.5793574,성내2동
대구중부,역전치안센터,치안센터,대구광역시 중구 종로 101,중구 수창동,35.87500928,128.5908069,성내2동
대구동부,신암4동 치안센터,치안센터,대구광역시 동구 아양로 141,동구 신암동,35.88427379,128.6163321,신암1동
대구동부,용계 치안센터,치안센터,대구광역시 동구 동촌로 390,동구 용계동,35.87584165,128.6817816,안심2동
대구서부,평리치안센터,치안센터,대구광역시 서구 문화로49길 8,서구 평리동,35.87626054,128.5593906,평리3동
대구서부,비산7동치안센터,치안센터,대구광역시 서구 염색공단로 21,서구 비산동,35.88815488,128.5535145,비산7동
대구남부,덕천치안센터,치안센터,대구광역시  남구 앞산순환로 688,남구 봉덕동,35.83323758,128.6005704,봉덕3동
대구북부,칠성치안센터,치안센터,대구광역시  북구 칠성로 105,북구 칠성동,35.87863396,128.6007817,칠성동
대구수성,고산2동치안센터,치안센터,대구광역시  수성구 시지로 46,수성구 시지동,35.83965046,128.694122,고산2동
대구수성,만촌1동치안센터,치안센터,대구광역시  수성구 무열로 196,수성구 만촌동,35.87504603,128.6464498,만촌1동
대구달서,도원치안센터,치안센터,대구광역시 달서구 한실로 115,달서구 도원동,35.80677477,128.5393078,도원동
대구달서,상인2동치안센터,치안센터,대구광역시 달서구 상원로 32,달서구 상인동,35.81283778,128.5367439,상인2동
대구달서,상인3동치안센터,치안센터,대구광역시 달서구 상인로 21,달서구 상인동,35.8099227,128.5503151,상인3동
대구달성,다사치안센터,치안센터,대구광역시 달성군 다사읍 달구벌대로 800-1,달성군 다사읍,35.86222464,128.4588113,다사읍
대구강북,칠곡치안센터,치안센터,대구광역시 북구 칠곡중앙대로 563,북구 읍내동,35.94591852,128.550868,읍내동
대구강북,태전치안센터,치안센터,대구광역시 북구 칠곡중앙대로 274,북구 태전동,35.9201664,128.5468287,태전2동
대구군위,소보치안센터,치안센터, 군위군 소보면 송원3길 12(송원리),군위군 소보면,36.25529508,128.4767029,군위읍
대구군위,산성치안센터,치안센터, 군위군 산성면 화본2길 3(화본1리),군위군 산성면,36.12525873,128.6954256,산성면
대구군위,삼국유사치안센터,치안센터,경상북도 군위군 삼국유사면 삼국유사로 438-7 ,군위군 삼국유사면,36.12300328,128.7942996,삼국유사면
대구군위,우보치안센터,치안센터,경상북도 군위군 우보면 이화길 127 ,군위군 우보면,36.19569007,128.6642235,우보면
대구광역시서부교육지원청,대구연경초등학교,초등학교,,대구광역시 북구 연경동 937,35.94573483,128.6160323,무태조야동
대구광역시달성교육지원청,대구테크노초등학교,초등학교,,대구광역시 달성군 유가읍 쌍계리 628,35.70006861,128.4634402,유가읍
대구광역시남부교육지원청,대구진천초등학교,초등학교,,대구광역시 달서구 진천동 687-5,35.8112815,128.5195472,진천동
대구광역시달성교육지원청,대구천내초등학교,초등학교,,대구광역시 달성군 화원읍 구라리 1557,35.80943449,128.501982,화원읍
대구광역시남부교육지원청,대구월촌초등학교,초등학교,,대구광역시 달서구 상인동 1519,35.81635707,128.5432703,상인1동
대구광역시동부교육지원청,대구사월초등학교,초등학교,,대구광역시 수성구 신매동 57-1,35.83405178,128.7150404,고산1동
대구광역시동부교육지원청,대구황금초등학교,초등학교,,대구광역시 수성구 황금동 820,35.84422126,128.6183787,황금2동
대구광역시달성교육지원청,대구가창초등학교,초등학교,,대구광역시 달성군 가창면 냉천리 815-1,35.77105069,128.648247,가창면
대구광역시동부교육지원청,대구용지초등학교,초등학교,,대구광역시 수성구 지산동 1272,35.82203127,128.6327623,지산2동
대구광역시달성교육지원청,대구용계초등학교,초등학교,,대구광역시 달성군 가창면 용계리 16,35.80456757,128.6216025,가창면
대구광역시동부교육지원청,대구만촌초등학교,초등학교,,대구광역시 수성구 만촌동 980,35.86668961,128.6479227,만촌2동
대구광역시서부교육지원청,대구삼영초등학교,초등학교,,대구광역시 북구 사수동 778,35.90168904,128.5096899,관문동
대구광역시서부교육지원청,대구도남초등학교,초등학교,,대구광역시 북구 국우동 1110-2,35.94868547,128.5771887,국우동
대구광역시군위교육지원청,대구의흥초등학교,초등학교,,대구광역시 군위군 의흥면 읍내리 283,36.17526237,128.7181122,의흥면
대구광역시달성교육지원청,대구서동초등학교,초등학교,,대구광역시 달성군 다사읍 서재리 928,35.8718048,128.4884318,다사읍서재출장소
대구광역시달성교육지원청,대구도림초등학교,초등학교,,대구광역시 달성군 다사읍 서재리 32,35.87810529,128.4997991,다사읍서재출장소
대구광역시남부교육지원청,대구성지초등학교,초등학교,,대구광역시 달서구 용산동 412-4,35.85329006,128.5187152,용산2동
대구광역시동부교육지원청,경북대학교사범대학부설초등학교,초등학교,,대구광역시 중구 봉산동 162,35.86358373,128.5980664,성내1동
대구광역시동부교육지원청,대구공산초등학교,초등학교,,대구광역시 동구 백안동 658-1,35.9564807,128.6906261,공산동
대구광역시서부교육지원청,대구이현초등학교,초등학교,,대구광역시 서구 평리동 1500,35.87348606,128.5503997,평리5동
대구광역시달성교육지원청,대구다사초등학교,초등학교,,대구광역시 달성군 다사읍 매곡리 465,35.8694288,128.4584848,다사읍
대구광역시동부교육지원청,대구송정초등학교,초등학교,,대구광역시 동구 괴전동 169,35.87060567,128.7340252,안심3동
대구광역시동부교육지원청,대구해서초등학교,초등학교,,대구광역시 동구 봉무동 1571,35.91807034,128.6430541,불로.봉무동
대구광역시남부교육지원청,대구남도초등학교,초등학교,,대구광역시 남구 대명동 1709,35.84427387,128.5813642,대명5동
대구광역시달성교육지원청,대구옥포초등학교,초등학교,,대구광역시 달성군 옥포읍 본리리 801,35.78778718,128.4641599,옥포읍
대구광역시동부교육지원청,동대구초등학교,초등학교,,대구광역시 동구 신암동 208-1,35.87969333,128.62097,신암3동
대구광역시동부교육지원청,대구고산초등학교,초등학교,,대구광역시 수성구 시지동 161-1,35.84395419,128.693156,고산2동
대구광역시동부교육지원청,대구동성초등학교,초등학교,,대구광역시 수성구 수성동1가 282,35.85344552,128.6127108,수성1가동
대구광역시남부교육지원청,대구한실초등학교,초등학교,,대구광역시 달서구 대곡동 1106,35.79831931,128.5285639,진천동
대구광역시남부교육지원청,대구장기초등학교,초등학교,,대구광역시 달서구 장기동 813-3,35.84439346,128.5290125,장기동
대구광역시남부교육지원청,대구파호초등학교,초등학교,,대구광역시 달서구 호산동 350-1,35.85058152,128.4815078,신당동
대구광역시남부교육지원청,대구송현초등학교,초등학교,,대구광역시 달서구 송현동 1908,35.82868737,128.5448569,송현2동
대구광역시달성교육지원청,대구동곡초등학교,초등학교,,대구광역시 달성군 하빈면 동곡리 142,35.87936389,128.4173532,하빈면
대구광역시서부교육지원청,대구비산초등학교,초등학교,,대구광역시 서구 평리동 662-1,35.8787485,128.5643247,평리1동
대구광역시달성교육지원청,대구포산초등학교,초등학교,,대구광역시 달성군 현풍읍 중리 483,35.69481994,128.452641,현풍읍
대구광역시서부교육지원청,대구성북초등학교,초등학교,,대구광역시 북구 서변동 861,35.92640879,128.5942863,무태조야동
대구광역시서부교육지원청,대구운암초등학교,초등학교,,대구광역시 북구 구암동 789-4,35.93560291,128.565682,구암동
대구광역시서부교육지원청,대구동평초등학교,초등학교,,대구광역시 북구 동천동 915-1,35.93900005,128.5608205,동천동
대구광역시남부교육지원청,대구내당초등학교,초등학교,,대구광역시 달서구 두류동 1202-1,35.86063972,128.5723832,두류1.2동
대구광역시남부교육지원청,대구선원초등학교,초등학교,,대구광역시 달서구 용산동 504,35.86101498,128.5155245,용산2동
대구광역시동부교육지원청,대구경동초등학교,초등학교,,대구광역시 수성구 범어동 89,35.85220646,128.6393548,범어4동
대구광역시달성교육지원청,대구금포초등학교,초등학교,,대구광역시 달성군 논공읍 금포리 1496,35.77429302,128.4254986,논공읍
대구광역시서부교육지원청,대구서평초등학교,초등학교,,대구광역시 서구 평리동 574-6,35.87825232,128.5479041,평리6동
대구광역시군위교육지원청,대구고매초등학교,초등학교,,대구광역시 군위군 효령면 고곡리 929,36.09704449,128.582054,효령면
대구광역시동부교육지원청,대구시지초등학교,초등학교,,대구광역시 수성구 매호동 1332-1,35.84378451,128.7031905,고산3동
대구광역시동부교육지원청,대구남산초등학교,초등학교,,대구광역시 중구 남산동 122,35.86322075,128.5827674,남산2동
대구광역시남부교육지원청,대구한샘초등학교,초등학교,,대구광역시 달서구 대천동 467,35.81698367,128.5188133,유천동
대구광역시남부교육지원청,대구상인초등학교,초등학교,,대구광역시 달서구 상인동 481,35.81293403,128.5426728,상인2동
대구광역시동부교육지원청,대구효신초등학교,초등학교,,대구광역시 동구 신천동 490,35.87266981,128.6321173,신천4동
대구광역시남부교육지원청,대구신흥초등학교,초등학교,,대구광역시 달서구 두류동 472-1,35.85633367,128.5563376,두류3동
대구광역시동부교육지원청,대구지산초등학교,초등학교,,대구광역시 수성구 지산동 1149,35.82695925,128.6301905,지산1동
대구광역시동부교육지원청,대구삼육초등학교,초등학교,,대구광역시 수성구 중동 410-1,35.83976721,128.6106654,중동
대구광역시남부교육지원청,대구도원초등학교,초등학교,,대구광역시 달서구 도원동 1455,35.80470737,128.5421307,도원동
대구광역시동부교육지원청,대구범어초등학교,초등학교,,대구광역시 수성구 범어동 154,35.86056415,128.6334733,범어2동
대구광역시동부교육지원청,대구청림초등학교,초등학교,,대구광역시 수성구 노변동 367-2,35.83563358,128.7033758,고산2동
대구광역시동부교육지원청,대구새론초등학교,초등학교,,대구광역시 동구 각산동 1059,35.88439053,128.7170845,혁신동
대구광역시남부교육지원청,대구교육대학교대구부설초등학교,초등학교,,대구광역시 달서구 도원동 1441-1,35.80596892,128.5323853,도원동
대구광역시남부교육지원청,대구대봉초등학교,초등학교,,대구광역시 남구 이천동 253-2,35.85166409,128.6048079,이천동
대구광역시달성교육지원청,대구세현초등학교,초등학교,,대구광역시 달성군 구지면 창리 1446,35.65978473,128.4198073,구지면
대구광역시남부교육지원청,대구호산초등학교,초등학교,,대구광역시 달서구 호산동 357-57,35.84907047,128.4790049,신당동
대구광역시남부교육지원청,대구성서초등학교,초등학교,,대구광역시 달서구 이곡동 727-1,35.85196163,128.5144493,이곡1동
대구광역시서부교육지원청,대구팔달초등학교,초등학교,,대구광역시 북구 팔달동 73-4,35.89795044,128.5449083,관문동
대구광역시동부교육지원청,대구매호초등학교,초등학교,,대구광역시 수성구 매호동 611-1,35.84150742,128.7121182,고산3동
대구광역시동부교육지원청,대구팔공초등학교,초등학교,,대구광역시 동구 지묘동 1163,35.9471327,128.6252872,불로.봉무동
대구광역시남부교육지원청,효성초등학교,초등학교,,대구광역시 달서구 송현동 898-4,35.82406479,128.5429938,송현2동
대구광역시남부교육지원청,대구성명초등학교,초등학교,,대구광역시 남구 대명동 3050,35.84515662,128.5708211,대명4동
대구광역시달성교육지원청,대구구지초등학교,초등학교,,대구광역시 달성군 구지면 창리 385,35.66021157,128.4125882,구지면
대구광역시동부교육지원청,대구율금초등학교,초등학교,,대구광역시 동구 율하동 1403,35.86188872,128.6918365,안심1동
대구광역시동부교육지원청,대구덕성초등학교,초등학교,,대구광역시 동구 신암동 279-1,35.88210504,128.6284765,신암4동
대구광역시서부교육지원청,서대구초등학교,초등학교,,대구광역시 서구 비산동 1484,35.88941379,128.5577335,비산7동
대구광역시남부교육지원청,대구와룡초등학교,초등학교,,대구광역시 달서구 이곡동 1191-1,35.85707321,128.5018281,이곡2동
대구광역시동부교육지원청,대구방촌초등학교,초등학교,,대구광역시 동구 방촌동 1072-6,35.88064626,128.6630356,방촌동
대구광역시동부교육지원청,대구율원초등학교,초등학교,,대구광역시 동구 율하동 1468,35.86480807,128.7007398,안심1동
대구광역시남부교육지원청,대구본리초등학교,초등학교,,대구광역시 달서구 감삼동 338,35.84457479,128.5386389,감삼동
대구광역시서부교육지원청,대구비봉초등학교,초등학교,,대구광역시 서구 비산동 705-1,35.88276366,128.5686561,비산1동
대구광역시서부교육지원청,대구달성초등학교,초등학교,,대구광역시 서구 원대동1가 12,35.88281808,128.5792104,원대동
대구광역시동부교육지원청,대구동덕초등학교,초등학교,,대구광역시 중구 삼덕동2가 327-1,35.86476327,128.6046765,삼덕동
대구광역시서부교육지원청,대구함지초등학교,초등학교,,대구광역시 북구 동천동 949,35.93473483,128.5578627,동천동
대구광역시남부교육지원청,대구대서초등학교,초등학교,,대구광역시 달서구 상인동 860-1,35.82006524,128.5499433,상인1동
대구광역시서부교육지원청,대구복현초등학교,초등학교,,대구광역시 북구 복현동 225,35.89760701,128.6215386,복현2동
대구광역시남부교육지원청,대구조암초등학교,초등학교,,대구광역시 달서구 월성동 572,35.82402286,128.5284353,월성1동
대구광역시서부교육지원청,대구대성초등학교,초등학교,,대구광역시 서구 비산동 169-1,35.87040591,128.5771526,비산4동
대구광역시남부교육지원청,대구대진초등학교,초등학교,,대구광역시 달서구 대곡동 1025,35.80666215,128.5217068,진천동
대구광역시달성교육지원청,대구세천초등학교,초등학교,,대구광역시 달성군 다사읍 세천리 1586,35.87439381,128.4814697,다사읍서재출장소
대구광역시남부교육지원청,대구학산초등학교,초등학교,,대구광역시 달서구 월성동 82-1,35.83110936,128.5260827,월성2동
대구광역시남부교육지원청,대구월성초등학교,초등학교,,대구광역시 달서구 월성동 280,35.83108781,128.5318978,월성2동
대구광역시동부교육지원청,대구동호초등학교,초등학교,,대구광역시 동구 동호동 361,35.86535031,128.7204845,안심3동
대구광역시남부교육지원청,대구신월초등학교,초등학교,,대구광역시 달서구 월성동 1351,35.82056001,128.5224969,월성1동
대구광역시동부교육지원청,대구중앙초등학교,초등학교,,대구광역시 수성구 만촌동 1425,35.87001242,128.640349,만촌1동
대구광역시동부교육지원청,대구두산초등학교,초등학교,,대구광역시 수성구 지산동 1043,35.83259729,128.6260889,지산1동
대구광역시서부교육지원청,대구서부초등학교,초등학교,,대구광역시 서구 비산동 405-1,35.87387969,128.5737138,비산2.3동
대구광역시남부교육지원청,대구대남초등학교,초등학교,,대구광역시 달서구 송현동 1961,35.82410265,128.5517486,송현1동
대구광역시동부교육지원청,대구매동초등학교,초등학교,,대구광역시 수성구 매호동 1010,35.84523197,128.7092147,고산3동
대구광역시동부교육지원청,대구신성초등학교,초등학교,,대구광역시 동구 신암동 134-87,35.89012307,128.6289423,신암5동
대구광역시남부교육지원청,대구용천초등학교,초등학교,,대구광역시 달서구 유천동 620,35.81972464,128.5125985,유천동
대구광역시동부교육지원청,대구욱수초등학교,초등학교,,대구광역시 수성구 신매동 602,35.83137706,128.7077554,고산1동
대구광역시동부교육지원청,대구입석초등학교,초등학교,,대구광역시 동구 입석동 943-12,35.89069195,128.6439985,동촌동
대구광역시서부교육지원청,대구서도초등학교,초등학교,,대구광역시 서구 평리동 1111-1,35.86727153,128.5653531,평리2동
대구광역시동부교육지원청,계성초등학교,초등학교,,대구광역시 중구 대신동 280-2,35.86566471,128.5811278,대신동
대구광역시남부교육지원청,대구상원초등학교,초등학교,,대구광역시 달서구 상인동 1588,35.80636651,128.5506746,상인3동
대구광역시동부교육지원청,대구범일초등학교,초등학교,,대구광역시 수성구 범물동 1364,35.81631646,128.6388284,범물2동
대구광역시동부교육지원청,대구복명초등학교,초등학교,,대구광역시 수성구 범물동 1293,35.8176268,128.6472131,범물1동
대구광역시남부교육지원청,대구장산초등학교,초등학교,,대구광역시 달서구 용산동 957,35.85483742,128.5265018,용산1동
대구광역시동부교육지원청,대구명덕초등학교,초등학교,,대구광역시 중구 남산동 2113,35.85754073,128.5890267,남산1동
대구광역시서부교육지원청,대구강북초등학교,초등학교,,대구광역시 북구 구암동 785-1,35.94086182,128.5667658,구암동
대구광역시동부교육지원청,대구동인초등학교,초등학교,,대구광역시 중구 동인동4가 388,35.86808439,128.6095062,동인동
대구광역시남부교육지원청,대구대명초등학교,초등학교,,대구광역시 남구 대명동 960,35.83889592,128.5688413,대명6동
대구광역시군위교육지원청,대구효령초등학교,초등학교,,대구광역시 군위군 효령면 중구리 197,36.15676228,128.5860147,효령면
대구광역시서부교육지원청,대구인지초등학교,초등학교,,대구광역시 서구 비산동 1025-10,35.88618347,128.5672852,비산5동
대구광역시남부교육지원청,대구남덕초등학교,초등학교,,대구광역시 남구 대명동 531-1,35.83306282,128.5739472,대명9동
대구광역시서부교육지원청,대구태현초등학교,초등학교,,대구광역시 북구 태전동 317-1,35.92816804,128.5406321,태전1동
대구광역시동부교육지원청,대구신매초등학교,초등학교,,대구광역시 수성구 신매동 583,35.83660884,128.7092663,고산1동
대구광역시서부교육지원청,대구태암초등학교,초등학교,,대구광역시 북구 태전동 1076-8,35.92308728,128.5505021,태전2동
대구광역시동부교육지원청,대구서촌초등학교,초등학교,,대구광역시 동구 중대동 1082-1,35.98040487,128.6317462,공산동
대구광역시동부교육지원청,대구불로초등학교,초등학교,,대구광역시 동구 불로동 1017,35.89748035,128.633502,불로봉무동
대구광역시서부교육지원청,대구달서초등학교,초등학교,,대구광역시 서구 중리동 65-2,35.86684409,128.5505467,상중이동
대구광역시달성교육지원청,대구대실초등학교,초등학교,,대구광역시 달성군 다사읍 죽곡리 820,35.85308854,128.4678979,다사읍
대구광역시서부교육지원청,대구관남초등학교,초등학교,,대구광역시 북구 관음동 1386-2,35.93683639,128.5477779,관음동
대구광역시서부교육지원청,대구태전초등학교,초등학교,,대구광역시 북구 태전동 957,35.93024595,128.5460016,태전1동
대구광역시동부교육지원청,대구봉무초등학교,초등학교,,대구광역시 동구 봉무동 1527,35.92580017,128.6374377,불로.봉무동
대구광역시동부교육지원청,대구동촌초등학교,초등학교,,대구광역시 동구 방촌동 1047,35.88202794,128.6589293,방촌동
대구광역시동부교육지원청,대구동문초등학교,초등학교,,대구광역시 수성구 만촌동 262,35.87481761,128.6524258,만촌1동
대구광역시동부교육지원청,대구들안길초등학교,초등학교,,대구광역시 수성구 두산동 28-2,35.83889748,128.6184098,두산동
대구광역시남부교육지원청,대구월암초등학교,초등학교,,대구광역시 달서구 월성동 755,35.828572,128.5217032,월성1동
대구광역시동부교육지원청,대구수성초등학교,초등학교,,대구광역시 수성구 상동 89-2,35.83721988,128.6105947,상동
대구광역시남부교육지원청,남대구초등학교,초등학교,,대구광역시 남구 대명동 1820-5,35.8535697,128.5864793,대명2동
대구광역시달성교육지원청,대구하빈초등학교,초등학교,,대구광역시 달성군 하빈면 현내리 855-3,35.90163733,128.4421117,하빈면
대구광역시동부교육지원청,대구효목초등학교,초등학교,,대구광역시 동구 효목동 633,35.8760038,128.6415759,효목2동
대구광역시군위교육지원청,대구군위초등학교,초등학교,,대구광역시 군위군 군위읍 동부리 323-2,36.23912975,128.5682032,군위읍
대구광역시달성교육지원청,대구서재초등학교,초등학교,,대구광역시 달성군 다사읍 서재리 262,35.87192218,128.4983801,다사읍서재출장소
대구광역시남부교육지원청,대구송일초등학교,초등학교,,대구광역시 달서구 월성동 500-3,35.82413307,128.5328213,월성1동
대구광역시달성교육지원청,대구현풍초등학교,초등학교,,대구광역시 달성군 현풍읍 상리 539-1,35.69810979,128.4484953,현풍읍
대구광역시동부교육지원청,대구초등학교,초등학교,,대구광역시 중구 봉산동 57,35.86403787,128.5953715,성내1동
대구광역시군위교육지원청,대구부계초등학교,초등학교,,대구광역시 군위군 부계면 창평리 897-1,36.10164233,128.6628172,부계면
대구광역시서부교육지원청,대구북비산초등학교,초등학교,,대구광역시 서구 비산동 786-1,35.88154517,128.5645911,비산1동
대구광역시군위교육지원청,대구송원초등학교,초등학교,,대구광역시 군위군 소보면 송원리 675,36.25434194,128.4760713,소보면
대구광역시동부교육지원청,대구범물초등학교,초등학교,,대구광역시 수성구 범물동 1279-1,35.82148369,128.6448582,범물1동
대구광역시동부교육지원청,대구해안초등학교,초등학교,,대구광역시 동구 부동 643-1,35.89617793,128.6830243,해안동
대구광역시남부교육지원청,대구월서초등학교,초등학교,,대구광역시 달서구 상인동 123-1,35.82174515,128.5318133,상인1동
대구광역시남부교육지원청,대구성남초등학교,초등학교,,대구광역시 달서구 두류동 812-1,35.85332963,128.5722856,두류1.2동
대구광역시동부교육지원청,대구신천초등학교,초등학교,,대구광역시 동구 신천동 185-1,35.87162754,128.6210089,신천3동
대구광역시동부교육지원청,대구삼덕초등학교,초등학교,,대구광역시 중구 삼덕동3가 316,35.86355823,128.6078444,삼덕동
대구광역시서부교육지원청,대구산격초등학교,초등학교,,대구광역시 북구 산격동 1409,35.89455113,128.6063966,산격3동
대구광역시동부교육지원청,대구종로초등학교,초등학교,,대구광역시 중구 서문로1가 1-5,35.87249671,128.5897301,성내2동
대구광역시남부교육지원청,대구신당초등학교,초등학교,,대구광역시 달서구 신당동 1844-2,35.85329484,128.4962674,신당동
대구광역시남부교육지원청,대구용전초등학교,초등학교,,대구광역시 달서구 용산동 913,35.86109075,128.5312139,용산1동
대구광역시남부교육지원청,대구성산초등학교,초등학교,,대구광역시 달서구 용산동 419-4,35.85789464,128.5189193,용산2동
대구광역시동부교육지원청,대구동산초등학교,초등학교,,대구광역시 수성구 범어동 678-3,35.84914164,128.628072,범어1동
대구광역시동부교육지원청,대구강동초등학교,초등학교,,대구광역시 동구 신서동 544,35.86803973,128.7302386,안심3동
대구광역시남부교육지원청,대구한솔초등학교,초등학교,,대구광역시 달서구 유천동 609,35.81654474,128.5156958,유천동
대구광역시동부교육지원청,대구지묘초등학교,초등학교,,대구광역시 동구 지묘동 546,35.9428758,128.6389777,공산동
대구광역시남부교육지원청,대구유천초등학교,초등학교,,대구광역시 달서구 유천동 327-1,35.8125707,128.5118589,유천동
대구광역시서부교육지원청,대구옥산초등학교,초등학교,,대구광역시 북구 칠성동2가 395-1,35.8808955,128.5978756,칠성동
대구광역시남부교육지원청,대구대곡초등학교,초등학교,,대구광역시 달서구 도원동 1458,35.8032986,128.5357039,도원동
대구광역시서부교육지원청,대구매천초등학교,초등학교,,대구광역시 북구 매천동 176,35.91332651,128.5410367,관문동
대구광역시남부교육지원청,대구남명초등학교,초등학교,,대구광역시 남구 대명동 483,35.83436385,128.5819866,대명9동
대구광역시동부교육지원청,대구수창초등학교,초등학교,,대구광역시 중구 수창동 73,35.87429166,128.5834453,성내3동
대구광역시서부교육지원청,대구경운초등학교,초등학교,,대구광역시 서구 내당동 296,35.86088038,128.5527191,내당4동
대구광역시동부교육지원청,대구동신초등학교,초등학교,,대구광역시 동구 신암동 487,35.87827471,128.6150277,신암2동
대구광역시서부교육지원청,대구중리초등학교,초등학교,,대구광역시 서구 이현동 48-145,35.86971383,128.5454392,상중이동
대구광역시서부교육지원청,대구두류초등학교,초등학교,,대구광역시 서구 내당동 211-1,35.86161552,128.5599761,내당1동
대구광역시서부교육지원청,대구북부초등학교,초등학교,,대구광역시 북구 동천동 880,35.93347965,128.559214,동천동
대구광역시동부교육지원청,대구용호초등학교,초등학교,,대구광역시 동구 방촌동 1113-319,35.8773574,128.6723645,방촌동
대구광역시서부교육지원청,대구구암초등학교,초등학교,,대구광역시 북구 구암동 694-1,35.9281013,128.5577604,구암동
대구광역시남부교육지원청,대구성당초등학교,초등학교,,대구광역시 달서구 본리동 166-1,35.84050576,128.5472902,본리동
대구광역시동부교육지원청,대구효동초등학교,초등학교,,대구광역시 동구 효목동 212-10,35.88412627,128.6447693,효목1동
대구광역시서부교육지원청,대구내서초등학교,초등학교,,대구광역시 서구 내당동 11-33,35.86381964,128.56676,내당2.3동
대구광역시서부교육지원청,대구칠곡초등학교,초등학교,,대구광역시 북구 읍내동 794,35.94517087,128.5517244,읍내동
대구광역시달성교육지원청,대구화원초등학교,초등학교,,대구광역시 달성군 화원읍 천내리 417,35.80302218,128.4993245,화원읍
대구광역시남부교육지원청,대구감삼초등학교,초등학교,,대구광역시 달서구 감삼동 196-1,35.84917998,128.5451459,감삼동
대구광역시달성교육지원청,대구금계초등학교,초등학교,,대구광역시 달성군 옥포읍 교항리 1503,35.78888934,128.443749,옥포읍
대구광역시남부교육지원청,대구신서초등학교,초등학교,,대구광역시 달서구 신당동 1733,35.85793519,128.4947454,신당동
대구광역시동부교육지원청,대구동천초등학교,초등학교,,대구광역시 수성구 범어동 9,35.86584724,128.6252642,범어3동
대구광역시서부교육지원청,대구관음초등학교,초등학교,,대구광역시 북구 관음동 1340-1,35.93992241,128.5471137,관음동
대구광역시남부교육지원청,대구이곡초등학교,초등학교,,대구광역시 달서구 이곡동 1304-4,35.85684549,128.5137308,이곡1동
대구광역시남부교육지원청,대구성곡초등학교,초등학교,,대구광역시 달서구 이곡동 1306-5,35.85809784,128.5135151,이곡1동
대구광역시서부교육지원청,대구대산초등학교,초등학교,,대구광역시 북구 산격동 789-4,35.89611556,128.5931912,산격1동
대구광역시남부교육지원청,대구남송초등학교,초등학교,,대구광역시 달서구 본동 275-1,35.83490796,128.5453631,본동
대구광역시달성교육지원청,대구화동초등학교,초등학교,,대구광역시 달성군 화원읍 본리리 104-1,35.79954584,128.5096929,화원읍
대구광역시남부교육지원청,대구남부초등학교,초등학교,,대구광역시 달서구 성당동 660,35.84444132,128.5499618,성당동
대구광역시서부교육지원청,대구사수초등학교,초등학교,,대구광역시 북구 사수동 814,35.90014837,128.5152482,관문동
대구광역시서부교육지원청,대구동변초등학교,초등학교,,대구광역시 북구 동변동 694,35.91913153,128.604165,무태조야동
대구광역시남부교육지원청,대구월곡초등학교,초등학교,,대구광역시 달서구 상인동 1560,35.8121612,128.5492653,상인3동
대구광역시남부교육지원청,대구노전초등학교,초등학교,,대구광역시 달서구 도원동 1428-3,35.80817454,128.5312233,도원동
대구광역시달성교육지원청,대구명곡초등학교,초등학교,,대구광역시 달성군 화원읍 명곡리 132,35.79667071,128.4961175,화원읍
대구광역시서부교육지원청,대구경진초등학교,초등학교,,대구광역시 북구 복현동 447,35.8920273,128.6170925,복현1동
대구광역시남부교육지원청,대구용산초등학교,초등학교,,대구광역시 달서구 용산동 880,35.85522492,128.5320515,용산1동
대구광역시남부교육지원청,대구죽전초등학교,초등학교,,대구광역시 달서구 죽전동 174-1,35.85778703,128.5399269,죽전동
대구광역시동부교육지원청,대구파동초등학교,초등학교,,대구광역시 수성구 파동 8,35.82401679,128.6074144,파동
대구광역시서부교육지원청,대구관문초등학교,초등학교,,대구광역시 북구 매천동 743,35.90869955,128.5461555,관문동
대구광역시달성교육지원청,대구강림초등학교,초등학교,,대구광역시 달성군 옥포읍 강림리 1106,35.78124474,128.4367988,옥포읍
대구광역시달성교육지원청,대구비슬초등학교,초등학교,,대구광역시 달성군 유가읍 봉리 597,35.69605801,128.4587333,유가읍
대구광역시서부교육지원청,대구신암초등학교,초등학교,,대구광역시 북구 대현동 1-2,35.88376431,128.611623,대현동
대구광역시달성교육지원청,대구유가초등학교,초등학교,,대구광역시 달성군 유가읍 봉리 623,35.6922735,128.4677385,유가읍
대구광역시서부교육지원청,대구서변초등학교,초등학교,,대구광역시 북구 서변동 1749,35.9207565,128.5950136,무태조야동
대구광역시달성교육지원청,대구죽곡초등학교,초등학교,,대구광역시 달성군 다사읍 죽곡리 189,35.85679928,128.4633312,다사읍
대구광역시달성교육지원청,대구매곡초등학교,초등학교,,대구광역시 달성군 다사읍 매곡리 1536,35.86225581,128.4681199,다사읍
대구광역시동부교육지원청,대구동부초등학교,초등학교,,대구광역시 동구 신암동 672-1,35.88802465,128.619832,신암1동
대구광역시동부교육지원청,대구동도초등학교,초등학교,,대구광역시 수성구 범어동 784-2,35.85709448,128.6240176,범어3동
대구광역시서부교육지원청,대구학정초등학교,초등학교,,대구광역시 북구 학정동 985,35.94822595,128.5689765,국우동
대구광역시동부교육지원청,대구대청초등학교,초등학교,,대구광역시 수성구 만촌동 873,35.85090611,128.6501674,만촌3동
대구광역시남부교육지원청,대구감천초등학교,초등학교,,대구광역시 달서구 월성동 269,35.83522361,128.5330966,월성2동
대구광역시서부교육지원청,대구학남초등학교,초등학교,,대구광역시 북구 국우동 1079-1,35.94624601,128.5662722,국우동
대구광역시동부교육지원청,대구동원초등학교,초등학교,,대구광역시 수성구 만촌동 934,35.86486801,128.6398865,만촌2동
대구광역시남부교육지원청,대구대덕초등학교,초등학교,,대구광역시 남구 대명동 1571-1,35.83048863,128.5616736,대명11동
대구광역시서부교육지원청,대구교동초등학교,초등학교,,대구광역시 북구 읍내동 1305,35.94475315,128.5494463,읍내동
대구광역시동부교육지원청,대구노변초등학교,초등학교,,대구광역시 수성구 시지동 497,35.83774464,128.6976282,고산2동
대구광역시군위교육지원청,대구의흥초등학교석산분교장,초등학교,,대구광역시 군위군 고로면 석산리 547-1,36.17493975,128.8551079,삼국유사면
대구광역시서부교육지원청,대구침산초등학교,초등학교,,대구광역시 북구 침산동 465,35.89111551,128.585073,침산3동
대구광역시달성교육지원청,대구남동초등학교,초등학교,,대구광역시 달성군 논공읍 남리 717-5,35.72463823,128.456469,논공읍
대구광역시달성교육지원청,대구반송초등학교,초등학교,,대구광역시 달성군 옥포읍 반송리 151,35.75661793,128.4946927,옥포읍
대구광역시달성교육지원청,대구논공초등학교,초등학교,,대구광역시 달성군 논공읍 남리 328,35.73107603,128.4376482,논공읍
대구광역시달성교육지원청,대구화남초등학교,초등학교,,대구광역시 달성군 화원읍 명곡리 113,35.80002003,128.498009,화원읍
대구광역시동부교육지원청,대구성동초등학교,초등학교,,대구광역시 수성구 황금동 373,35.84090465,128.6322834,황금1동
대구광역시남부교육지원청,대구장성초등학교,초등학교,,대구광역시 달서구 장기동 50,35.85035905,128.523264,용산1동
대구광역시동부교육지원청,대구반야월초등학교,초등학교,,대구광역시 동구 서호동 25-1,35.86827216,128.7107606,안심4동
대구광역시서부교육지원청,대구대천초등학교,초등학교,,대구광역시 북구 읍내동 1366,35.93720911,128.5543646,읍내동
대구광역시남부교육지원청,대구진월초등학교,초등학교,,대구광역시 달서구 진천동 253-9,35.81090267,128.5282878,진천동
대구광역시달성교육지원청,대구왕선초등학교,초등학교,,대구광역시 달성군 다사읍 매곡리 1542,35.86319531,128.465206,다사읍
대구광역시남부교육지원청,대구효명초등학교,초등학교,,대구광역시 남구 봉덕동 1164,35.83465147,128.601058,봉덕3동
대구광역시남부교육지원청,대구월배초등학교,초등학교,,대구광역시 달서구 진천동 57-1,35.81642856,128.528311,진천동
대구광역시서부교육지원청,대구관천초등학교,초등학교,,대구광역시 북구 태전동 999-2,35.93053458,128.5520401,태전2동
대구광역시서부교육지원청,대구국우초등학교,초등학교,,대구광역시 북구 국우동 129,35.95582279,128.5856952,국우동
대구광역시동부교육지원청,영신초등학교,초등학교,,대구광역시 동구 봉무동 524,35.92000422,128.646424,불로.봉무동
대구광역시동부교육지원청,대구아양초등학교,초등학교,,대구광역시 동구 신암동 1463,35.88746268,128.6374338,신암5동
대구광역시남부교육지원청,대구장동초등학교,초등학교,,대구광역시 달서구 장기동 533-4,35.84478484,128.5317635,장기동
전라남도강진교육지원청,대구초등학교,초등학교,,전라남도 강진군 대구면 수동리 785,34.49270374,126.7978166,대구면
대구광역시서부교육지원청,대구칠성초등학교,초등학교,,대구광역시 북구 침산동 211,35.88703348,128.5932407,침산2동
대구광역시달성교육지원청,대구북동초등학교,초등학교,,대구광역시 달성군 논공읍 남리 1119,35.72947978,128.4413202,논공읍공단출장소
대구광역시동부교육지원청,대구숙천초등학교,초등학교,,대구광역시 동구 숙천동 390,35.87696975,128.7533077,혁신동
대구광역시동부교육지원청,대구동일초등학교,초등학교,,대구광역시 수성구 수성동2가 17-1,35.85810017,128.6168819,수성2.3가동
대구광역시서부교육지원청,대구평리초등학교,초등학교,,대구광역시 서구 평리동 1070-37,35.87239568,128.5613416,평리3동
대구광역시남부교육지원청,대구영선초등학교,초등학교,,대구광역시 남구 이천동 447,35.85290128,128.5960139,이천동
대구광역시서부교육지원청,대구문성초등학교,초등학교,,대구광역시 북구 복현동 29-2,35.90581213,128.6203559,복현2동
대구광역시남부교육지원청,대구봉덕초등학교,초등학교,,대구광역시 남구 봉덕동 1319-1,35.83968334,128.5968429,봉덕3동
대구광역시동부교육지원청,대구안일초등학교,초등학교,,대구광역시 동구 율하동 254-1,35.87142509,128.6952241,안심1동
대구광역시동부교육지원청,대구지봉초등학교,초등학교,,대구광역시 수성구 지산동 1296,35.82544725,128.6408048,지산1동
대구광역시동부교육지원청,대구율하초등학교,초등학교,,대구광역시 동구 율하동 950,35.86781392,128.7015382,안심1동
대구광역시남부교육지원청,대구덕인초등학교,초등학교,,대구광역시 달서구 본리동 407-1,35.83856871,128.5344725,본리동
대구광역시서부교육지원청,북대구초등학교,초등학교,,대구광역시 북구 산격동 420,35.90328492,128.6095212,산격2동
대구광역시서부교육지원청,대구달산초등학교,초등학교,,대구광역시 북구 침산동 402,35.88770026,128.5851901,침산3동
대구광역시남부교육지원청,이곡중학교,중학교,대구광역시 달서구 선원로37길 65,대구광역시 달서구 이곡동 1333,35.86211601,128.5118478,이곡1동
대구광역시달성교육지원청,경서중학교,중학교,대구광역시 달성군 옥포읍 돌미로5길 15,대구광역시 달성군 옥포읍 교항리 2946,35.78280765,128.4451379,옥포읍
대구광역시남부교육지원청,학산중학교,중학교,대구광역시 달서구 월곡로94길 10,대구광역시 달서구 월성동 82,35.83142406,128.5257973,월성2동
대구광역시남부교육지원청,상서중학교,중학교,대구광역시 달서구 야외음악당로 107,대구광역시 달서구 성당동 670-31,35.84643612,128.5498704,성당동
대구광역시달성교육지원청,현풍중학교,중학교,대구광역시 달성군 현풍읍 비슬로 675,대구광역시 달성군 현풍읍 성하리 497,35.6985296,128.4382371,현풍읍
대구광역시동부교육지원청,대구중앙중학교,중학교,대구광역시 수성구 신천동로 496,대구광역시 수성구 수성동4가 1145-1,35.86646267,128.6172837,수성4가동
대구광역시서부교육지원청,평리중학교,중학교,대구광역시 서구 국채보상로55길 21,대구광역시 서구 평리동 1070-7,35.87323246,128.5615509,평리3동
대구광역시동부교육지원청,노변중학교,중학교,대구광역시 수성구 시지로 66,대구광역시 수성구 노변동 735,35.83808624,128.6943549,고산2동
대구광역시동부교육지원청,소선여자중학교,중학교,대구광역시 수성구 교학로8길 37,대구광역시 수성구 만촌동 862-17,35.85294967,128.6497965,만촌3동
대구광역시남부교육지원청,효성중학교,중학교,대구광역시 달서구 월곡로94길 48,대구광역시 달서구 월성동 247,35.83430422,128.5284024,월성2동
대구광역시서부교육지원청,대구일중학교,중학교,대구광역시 북구 옥산로17길 21,대구광역시 북구 침산동 400-4,35.88627468,128.5841979,침산3동
대구광역시동부교육지원청,신아중학교,중학교,대구광역시 동구 아양로39길 30,대구광역시 동구 신암동 28,35.8882462,128.634902,신암5동
대구광역시동부교육지원청,성명여자중학교,중학교,대구광역시 중구 국채보상로102길 48,대구광역시 중구 동산동 206,35.86838328,128.584035,성내2동
대구광역시남부교육지원청,경상중학교,중학교,대구광역시 남구 현충로48길 33,대구광역시 남구 대명동 1819-11,35.85261994,128.5853705,대명2동
대구광역시달성교육지원청,한울안중학교,중학교,대구광역시 달성군 현풍읍 지동길 31,대구광역시 달성군 현풍읍 지리 988,35.66893799,128.4308448,현풍읍
대구광역시남부교육지원청,월암중학교,중학교,대구광역시 달서구 조암로6길 33,대구광역시 달서구 월성동 774-1,35.82716419,128.5238094,월성1동
대구광역시서부교육지원청,대구북중학교,중학교,대구광역시 북구 공항로 50,대구광역시 북구 복현동 219-1,35.8973669,128.6204404,복현2동
대구광역시남부교육지원청,대구중학교,중학교,대구광역시 남구 대봉로 120,대구광역시 남구 이천동 258,35.85007863,128.60368,이천동
대구광역시남부교육지원청,성당중학교,중학교,대구광역시 달서구 대명천로 102,대구광역시 달서구 본리동 166-16,35.84050498,128.5482368,본리동
대구광역시동부교육지원청,대륜중학교,중학교,대구광역시 수성구 달구벌대로 2700,대구광역시 수성구 만촌동 산241,35.85168394,128.6567622,만촌3동
대구광역시서부교육지원청,동변중학교,중학교,대구광역시 북구 동변로14길 12,대구광역시 북구 동변동 695,35.91925722,128.6056093,무태조야동
대구광역시남부교육지원청,대곡중학교,중학교,대구광역시 달서구 도원남로 5,대구광역시 달서구 도원동 1441,35.80633289,128.5325413,도원동
대구광역시서부교육지원청,서대구중학교,중학교,대구광역시 서구 북비산로45길 7,대구광역시 서구 평리동 509,35.88031044,128.5566261,평리3동
대구광역시달성교육지원청,달서중학교,중학교,대구광역시 달성군 하빈면 하빈로 118,대구광역시 달성군 하빈면 감문리 816,35.8861993,128.4214028,하빈면
대구광역시서부교육지원청,대평중학교,중학교,대구광역시 서구 통학로 217,대구광역시 서구 평리동 730-1,35.88026893,128.5623308,평리3동
대구광역시동부교육지원청,새론중학교,중학교,대구광역시 동구 이노밸리로 255,대구광역시 동구 신서동 1137,35.87917295,128.7250938,혁신동
대구광역시남부교육지원청,협성경복중학교,중학교,대구광역시 남구 효성로 33,대구광역시 남구 봉덕동 1322-3,35.83479736,128.5985816,봉덕3동
대구광역시군위교육지원청,군위중학교우보분교장,중학교,대구광역시 군위군 우보면 솔밭길 74,대구광역시 군위군 우보면 이화리 1414-24,36.1875361,128.6665367,우보면
대구광역시동부교육지원청,신기중학교,중학교,대구광역시 동구 율하동로 88,대구광역시 동구 신기동 578,35.86816727,128.7023577,안심1동
대구광역시남부교육지원청,월배중학교,중학교,대구광역시 달서구 월배로28길 80,대구광역시 달서구 진천동 811,35.81361315,128.532188,진천동
대구광역시동부교육지원청,수성중학교,중학교,대구광역시 수성구 파동로51길 26-9,대구광역시 수성구 파동 2,35.82587108,128.6072057,파동
대구광역시남부교육지원청,새본리중학교,중학교,대구광역시 달서구 대명천로 167,대구광역시 달서구 본리동 330-1,35.83942395,128.5409604,본리동
대구광역시서부교육지원청,경운중학교,중학교,대구광역시 서구 서대구로3길 32,대구광역시 서구 내당동 352-4,35.85972807,128.553556,내당4동
대구광역시남부교육지원청,대건중학교,중학교,대구광역시 달서구 월곡로94길 46,대구광역시 달서구 월성동 247,35.83395004,128.5281133,월성2동
대구광역시남부교육지원청,경혜여자중학교,중학교,대구광역시 남구 성당로18길 20,대구광역시 남구 대명동 3056-26,35.84318216,128.5641032,대명4동
대구광역시서부교육지원청,경일중학교,중학교,대구광역시 서구 달서천로76길 11,대구광역시 서구 원대동1가 440,35.88139487,128.5763528,원대동
대구광역시달성교육지원청,달성중학교,중학교,대구광역시 달성군 화원읍 비슬로506길 14,대구광역시 달성군 화원읍 명곡리 261,35.80080717,128.4933042,화원읍
대구광역시남부교육지원청,경암중학교,중학교,대구광역시 달서구 당산로30길 20,대구광역시 달서구 성당동 670-29,35.84837667,128.5486077,성당동
대구광역시동부교육지원청,정화중학교,중학교,대구광역시 수성구 청호로84길 123,대구광역시 수성구 범어동 산105-1,35.84940778,128.6418878,범어4동
대구광역시달성교육지원청,서재중학교,중학교,대구광역시 달성군 다사읍 서재로26길 18,대구광역시 달성군 다사읍 서재리 302,35.87334897,128.4995437,다사읍서재출장소
대구광역시남부교육지원청,도원중학교,중학교,대구광역시 달서구 미리샘길 32,대구광역시 달서구 도원동 1452,35.80619402,128.5450006,도원동
대구광역시달성교육지원청,천내중학교,중학교,대구광역시 달성군 화원읍 성천로 202,대구광역시 달성군 화원읍 구라리 1560-12,35.80935839,128.5034625,화원읍
대구광역시동부교육지원청,덕원중학교,중학교,대구광역시 수성구 욱수길 37,대구광역시 수성구 욱수동 81,35.82572222,128.705953,고산1동
대구광역시남부교육지원청,대서중학교,중학교,대구광역시 달서구 월배로 303,대구광역시 달서구 송현동 898-15,35.82360753,128.5435493,송현2동
대구광역시남부교육지원청,월서중학교,중학교,대구광역시 달서구 월배로33길 105,대구광역시 달서구 월성동 1317,35.81972903,128.5264911,월성1동
대구광역시서부교육지원청,성화중학교,중학교,대구광역시 북구 복현로 140,대구광역시 북구 복현동 540-1,35.9032298,128.620265,복현2동
대구광역시동부교육지원청,경구중학교,중학교,대구광역시 중구 남산로 20,대구광역시 중구 남산동 2380-5,35.85851368,128.5835008,남산3동
대구광역시달성교육지원청,구지중학교,중학교,대구광역시 달성군 구지면 국가산단대로66길 22,대구광역시 달성군 구지면 창리 1441,35.66055732,128.4196708,구지면
대구광역시동부교육지원청,입석중학교,중학교,대구광역시 동구 동촌로 10,대구광역시 동구 입석동 951,35.89105364,128.6448032,동촌동
대구광역시서부교육지원청,사수중학교,중학교,대구광역시 북구 내곡로 140,대구광역시 북구 사수동 815,35.89976958,128.5158207,관문동
대구광역시동부교육지원청,대구제일중학교,중학교,대구광역시 중구 명륜로23길 16,대구광역시 중구 봉산동 230-1,35.86152514,128.5970111,성내1동
대구광역시동부교육지원청,지산중학교,중학교,대구광역시 수성구 지산로3길 68,대구광역시 수성구 지산동 1256-1,35.82463972,128.6285992,지산2동
대구광역시동부교육지원청,오성중학교,중학교,대구광역시 수성구 달구벌대로522길 78,대구광역시 수성구 만촌동 1070,35.85447266,128.6447837,만촌3동
대구광역시남부교육지원청,경일여자중학교,중학교,대구광역시 남구 효성로 37,대구광역시 남구 봉덕동 1322-1,35.83640873,128.5968171,봉덕3동
대구광역시군위교육지원청,의흥중학교,중학교,대구광역시 군위군 의흥면 읍내길 89-32,대구광역시 군위군 의흥면 읍내리 210-2,36.17476864,128.7211368,의흥면
대구광역시서부교육지원청,관음중학교,중학교,대구광역시 북구 관음동로 87,대구광역시 북구 관음동 1340,35.94101064,128.5464748,관음동
대구광역시동부교육지원청,고산중학교,중학교,대구광역시 수성구 천을로 71,대구광역시 수성구 시지동 62,35.84528337,128.6986708,고산2동
대구광역시동부교육지원청,율원중학교,중학교,대구광역시 동구 율하동로 20,대구광역시 동구 율하동 1623,35.86138631,128.7018721,안심1동
대구광역시동부교육지원청,안심중학교,중학교,대구광역시 동구 안심로 237,대구광역시 동구 서호동 121,35.86674984,128.7092322,안심4동
대구광역시서부교육지원청,강북중학교,중학교,대구광역시 북구 구암서로 27,대구광역시 북구 구암동 787-1,35.93870319,128.5648604,구암동
대구광역시남부교육지원청,조암중학교,중학교,대구광역시 달서구 조암로 59,대구광역시 달서구 월성동 1150-1,35.8232027,128.5240795,월성1동
대구광역시서부교육지원청,동평중학교,중학교,대구광역시 북구 대천로 123,대구광역시 북구 구암동 787-4,35.93717488,128.5635217,구암동
대구광역시동부교육지원청,범물중학교,중학교,대구광역시 수성구 범안로4길 46,대구광역시 수성구 범물동 1366,35.81501767,128.6398567,범물2동
대구광역시동부교육지원청,동원중학교,중학교,대구광역시 수성구 효행로2길 81,대구광역시 수성구 만촌동 254,35.87585642,128.6510708,만촌1동
대구광역시동부교육지원청,불로중학교,중학교,대구광역시 동구 방천로5길 8,대구광역시 동구 불로동 1010,35.89830061,128.6344118,지저동
대구광역시동부교육지원청,공산중학교,중학교,대구광역시 동구 팔공로197길 26,대구광역시 동구 백안동 560-5,35.95506586,128.6906838,공산동
대구광역시동부교육지원청,영신중학교,중학교,대구광역시 동구 팔공로50길 32,대구광역시 동구 봉무동 524,35.92000422,128.646424,불로.봉무동
대구광역시동부교육지원청,신명여자중학교,중학교,대구광역시 수성구 신천동로 364,대구광역시 수성구 수성동1가 96-16,35.85731247,128.6091788,수성1가동
대구광역시남부교육지원청,성서중학교,중학교,대구광역시 달서구 용산서로 63,대구광역시 달서구 용산동 948,35.8558081,128.5266048,용산1동
대구광역시서부교육지원청,대구체육중학교,중학교,대구광역시 북구 칠곡중앙대로136길 29,대구광역시 북구 동호동 463-2,35.95879744,128.5577173,국우동
대구광역시서부교육지원청,복현중학교,중학교,대구광역시 북구 동북로65길 28,대구광역시 북구 복현동 301-17,35.89394102,128.6279506,복현2동
대구광역시달성교육지원청,심인중학교,중학교,대구광역시 달성군 다사읍 대실역남로1길 21,대구광역시 달성군 다사읍 죽곡리 820,35.85310337,128.4667003,다사읍
대구광역시남부교육지원청,용산중학교,중학교,대구광역시 달서구 와룡로45길 72,대구광역시 달서구 용산동 888,35.85416455,128.5323609,용산1동
대구광역시서부교육지원청,관천중학교,중학교,대구광역시 북구 구암로22길 7,대구광역시 북구 태전동 999-1,35.93116386,128.5526133,태전2동
대구광역시동부교육지원청,동도중학교,중학교,대구광역시 수성구 청호로 350,대구광역시 수성구 범어동 336,35.84943264,128.6396851,범어4동
대구광역시동부교육지원청,경신중학교,중학교,대구광역시 수성구 달구벌대로504길 34,대구광역시 수성구 범어동 100-5,35.85543735,128.6375875,범어4동
대구광역시동부교육지원청,범일중학교,중학교,대구광역시 수성구 지범로41길 23,대구광역시 수성구 범물동 1279-2,35.8211246,128.644716,범물1동
대구광역시동부교육지원청,대구동부중학교,중학교,대구광역시 수성구 화랑로32길 74,대구광역시 수성구 만촌동 645-1,35.872516,128.6442074,만촌1동
대구광역시달성교육지원청,유가중학교,중학교,대구광역시 달성군 유가읍 테크노대로5길 20,대구광역시 달성군 유가읍 봉리 626,35.69112229,128.4676564,유가읍
대구광역시서부교육지원청,팔달중학교,중학교,대구광역시 북구 매천로2길 19-22,대구광역시 북구 팔달동 74-3,35.89894723,128.5449124,관문동
대구광역시동부교육지원청,청구중학교,중학교,대구광역시 동구 국채보상로 827,대구광역시 동구 신천동 850-6,35.86865771,128.6205716,신천3동
대구광역시동부교육지원청,덕화중학교,중학교,대구광역시 수성구 들안로9길 36,대구광역시 수성구 상동 328-1,35.83275858,128.6150457,상동
대구광역시달성교육지원청,북동중학교,중학교,대구광역시 달성군 논공읍 논공로7길 43,대구광역시 달성군 논공읍 남리 318,35.73243383,128.4374066,논공읍
대구광역시달성교육지원청,논공중학교,중학교,대구광역시 달성군 논공읍 논공로 256,대구광역시 달성군 논공읍 남리 717-5,35.72382525,128.4572009,논공읍
대구광역시서부교육지원청,구암중학교,중학교,대구광역시 북구 태암로 85,대구광역시 북구 구암동 694-2,35.92751351,128.5571252,구암동
대구광역시남부교육지원청,대명중학교,중학교,대구광역시 남구 앞산순환로 477,대구광역시 남구 대명동 519,35.83308922,128.5767451,대명9동
대구광역시동부교육지원청,대구팔공중학교,중학교,대구광역시 동구 연경지묘로 150,대구광역시 동구 지묘동 1163,35.9471327,128.6252872,불로.봉무동
대구광역시남부교육지원청,성곡중학교,중학교,대구광역시 달서구 새방로 32,대구광역시 달서구 용산동 527,35.86181094,128.522943,용산2동
대구광역시동부교육지원청,황금중학교,중학교,대구광역시 수성구 들안로32길 40,대구광역시 수성구 황금동 821,35.84414275,128.6194832,황금2동
대구광역시동부교육지원청,동촌중학교,중학교,대구광역시 동구 동촌로 176,대구광역시 동구 방촌동 1047-4,35.88202794,128.6589293,방촌동
대구광역시남부교육지원청,대진중학교,중학교,대구광역시 달서구 화암로73길 7,대구광역시 달서구 대곡동 1036-1,35.80572575,128.5195259,진천동
대구광역시남부교육지원청,원화중학교,중학교,대구광역시 달서구 당산로24길 71,대구광역시 달서구 성당동 670-30,35.846562,128.5479421,성당동
대구광역시남부교육지원청,성지중학교,중학교,대구광역시 달서구 성서동로 361,대구광역시 달서구 이곡동 1300-2,35.85336693,128.5146753,이곡1동
대구광역시서부교육지원청,매천중학교,중학교,대구광역시 북구 매전로 56,대구광역시 북구 태전동 1128,35.91048477,128.547327,태전2동
대구광역시달성교육지원청,왕선중학교,중학교,대구광역시 달성군 다사읍 대실역북로 83,대구광역시 달성군 다사읍 매곡리 1541,35.8633285,128.4663062,다사읍
대구광역시서부교육지원청,칠곡중학교,중학교,대구광역시 북구 칠곡중앙대로 583,대구광역시 북구 읍내동 545,35.94817565,128.550746,읍내동
대구광역시서부교육지원청,성광중학교,중학교,대구광역시 북구 검단로 150,대구광역시 북구 검단동 986-1,35.9075717,128.6242288,검단동
대구광역시동부교육지원청,매호중학교,중학교,대구광역시 수성구 천을로 106,대구광역시 수성구 매호동 1332,35.84396065,128.7022006,고산3동
대구광역시군위교육지원청,부계중학교,중학교,대구광역시 군위군 부계면 춘산1길 16,대구광역시 군위군 부계면 춘산리 496,36.07957908,128.6548326,부계면
대구광역시동부교육지원청,시지중학교,중학교,대구광역시 수성구 신매로 66,대구광역시 수성구 신매동 583-1,35.83551752,128.7089465,고산1동
대구광역시남부교육지원청,송현여자중학교,중학교,대구광역시 달서구 송현로 156,대구광역시 달서구 송현동 540,35.83112106,128.5462157,송현2동
대구광역시동부교육지원청,능인중학교,중학교,대구광역시 수성구 무학로 207,대구광역시 수성구 지산동 800,35.83210847,128.6325471,지산1동
대구광역시남부교육지원청,성산중학교,중학교,대구광역시 달서구 선원남로 174,대구광역시 달서구 용산동 416-4,35.85674219,128.5186821,용산2동
대구광역시서부교육지원청,서남중학교,중학교,대구광역시 서구 당산로41서길 97,대구광역시 서구 중리동 713,35.85695496,128.5425852,상중이동
대구광역시서부교육지원청,중리중학교,중학교,대구광역시 서구 국채보상로34길 63,대구광역시 서구 중리동 105-1,35.86471469,128.5514912,상중이동
대구광역시서부교육지원청,대구청라중학교,중학교,대구광역시 서구 국채보상로 384,대구광역시 서구 비산동 228,35.8706847,128.5738084,비산4동
대구광역시달성교육지원청,가창중학교,중학교,대구광역시 달성군 가창면 원정길 2,대구광역시 달성군 가창면 냉천리 772-2,35.77402651,128.6440241,가창면
대구광역시서부교육지원청,경명여자중학교,중학교,대구광역시 북구 칠성로17길 18,대구광역시 북구 칠성동2가 411,35.88072706,128.5984327,칠성동
대구광역시달성교육지원청,포산중학교,중학교,대구광역시 달성군 유가읍 테크노북로6길 10,대구광역시 달성군 유가읍 봉리 598,35.69614113,128.4600355,유가읍
대구광역시남부교육지원청,상인중학교,중학교,대구광역시 달서구 상인로 34,대구광역시 달서구 상인동 1561,35.81135533,128.5501219,상인3동
대구광역시서부교육지원청,학남중학교,중학교,대구광역시 북구 학남로 83,대구광역시 북구 국우동 1085,35.94553027,128.570413,국우동
대구광역시남부교육지원청,와룡중학교,중학교,대구광역시 달서구 선원남로 23,대구광역시 달서구 이곡동 1189-1,35.85830017,128.5020267,이곡2동
대구광역시서부교육지원청,침산중학교,중학교,대구광역시 북구 침산남로 121,대구광역시 북구 침산동 354-1,35.89009098,128.5884708,침산3동
대구광역시서부교육지원청,운암중학교,중학교,대구광역시 북구 구암로49길 9,대구광역시 북구 구암동 801,35.93284173,128.5652002,구암동
대구광역시군위교육지원청,효령중학교,중학교,대구광역시 군위군 효령면 중리길 6-25,대구광역시 군위군 효령면 중구리 355,36.15464034,128.5778532,효령면
대구광역시군위교육지원청,군위중학교,중학교,대구광역시 군위군 군위읍 군청로 254-6,대구광역시 군위군 군위읍 정리 248-12,36.24547463,128.5697899,군위읍
대구광역시서부교육지원청,서변중학교,중학교,대구광역시 북구 서변로21길 14,대구광역시 북구 서변동 1730,35.92636083,128.595695,무태조야동
대구광역시동부교육지원청,강동중학교,중학교,대구광역시 동구 동호로 112,대구광역시 동구 신서동 559,35.86694911,128.729474,안심3동
대구광역시달성교육지원청,화원중학교,중학교,대구광역시 달성군 화원읍 성암로 48,대구광역시 달성군 화원읍 본리리 104-2,35.79899515,128.5095928,화원읍
대구광역시동부교육지원청,계성중학교,중학교,대구광역시 중구 달성로 35,대구광역시 중구 대신동 277-1,35.8679358,128.5802499,대신동
대구광역시남부교육지원청,영남중학교,중학교,대구광역시 달서구 월곡로 300,대구광역시 달서구 상인동 70,35.82076999,128.5363043,상인1동
대구광역시달성교육지원청,다사중학교,중학교,대구광역시 달성군 다사읍 매곡로2길 8-5,대구광역시 달성군 다사읍 매곡리 729,35.86255586,128.4555466,다사읍
대구광역시남부교육지원청,상원중학교,중학교,대구광역시 달서구 상인로 117,대구광역시 달서구 상인동 1518,35.81681713,128.5441712,상인1동
대구광역시동부교육지원청,대구동중학교,중학교,대구광역시 수성구 수성로76길 33,대구광역시 수성구 수성동2가 119-4,35.85820019,128.6159585,수성2.3가동
대구광역시서부교육지원청,산격중학교,중학교,대구광역시 북구 동북로31길 29,대구광역시 북구 산격동 500-136,35.90230254,128.6087049,산격2동
대구광역시동부교육지원청,경북대학교사범대학부설중학교,중학교,대구광역시 중구 달구벌대로 2178,대구광역시 중구 대봉동 60-19,35.8625154,128.6006135,대봉1동
대구광역시달성교육지원청,서동중학교,중학교,대구광역시 달성군 다사읍 서재로12길 11-11,대구광역시 달성군 다사읍 서재리 485,35.86763317,128.4968732,다사읍서재출장소
대구광역시남부교육지원청,구남중학교,중학교,대구광역시 달서구 두류남길 10,대구광역시 달서구 두류동 1207-1,35.85810993,128.5726243,두류1.2동
대구광역시동부교육지원청,대구농업마이스터고등학교,고등학교,대구광역시 수성구 달구벌대로 3170,대구광역시 수성구 노변동 98,35.8357803,128.7007091,고산2동
대구광역시동부교육지원청,대구관광고등학교,고등학교,대구광역시 동구 동북로71길 37,대구광역시 동구 신암동 80,35.89004876,128.6323701,신암5동
대구광역시달성교육지원청,대구공업고등학교 테크노폴리스 캠퍼스,고등학교,대구광역시 달성군 유가읍 유가길 46,대구광역시 달성군 유가읍 유곡리 978,35.67008799,128.4549742,유가읍
대구광역시서부교육지원청,대구제일고등학교,고등학교,대구광역시 서구 국채보상로 384,대구광역시 서구 비산동 228,35.8706847,128.5738084,비산4동
대구광역시남부교육지원청,협성고등학교,고등학교,대구광역시 남구 효성로 33,대구광역시 남구 봉덕동 1322-3,35.83479736,128.5985816,봉덕3동
대구광역시서부교육지원청,대구국제고등학교,고등학교,대구광역시 북구 도남길 77,대구광역시 북구 국우동 77-1,35.95549553,128.5815421,국우동
대구광역시남부교육지원청,경북기계공업고등학교,고등학교,대구광역시 달서구 월배로 275,대구광역시 달서구 상인동 1-6,35.82211269,128.5424752,상인1동
대구광역시서부교육지원청,계성고등학교,고등학교,대구광역시 서구 새방로 171,대구광역시 서구 상리동 산119,35.87117298,128.5283449,용산2동
대구광역시동부교육지원청,대구일마이스터고등학교,고등학교,대구광역시 동구 효동로 48,대구광역시 동구 효목동 212,35.88205162,128.6472193,효목1동
대구광역시달성교육지원청,포산고등학교,고등학교,대구광역시 달성군 현풍읍 비슬로 556-13,대구광역시 달성군 현풍읍 중리 407-2,35.69081479,128.447956,현풍읍
대구광역시동부교육지원청,대구중앙고등학교,고등학교,대구광역시 수성구 신천동로 496,대구광역시 수성구 수성동4가 1145-1,35.86646267,128.6172837,수성4가동
대구광역시남부교육지원청,대진고등학교,고등학교,대구광역시 달서구 화암로73길 15,대구광역시 달서구 대곡동 1036,35.80569844,128.5183763,진천동
대구광역시남부교육지원청,호산고등학교,고등학교,대구광역시 달서구 달서대로109길 86,대구광역시 달서구 호산동 357-59,35.8490573,128.4818071,신당동
대구광역시남부교육지원청,대구고등학교,고등학교,대구광역시 남구 중앙대로 171,대구광역시 남구 대명동 187,35.84910923,128.5887953,대명5동
대구광역시동부교육지원청,정화여자고등학교,고등학교,대구광역시 수성구 청호로84길 123,대구광역시 수성구 범어동 산105-1,35.84940778,128.6418878,범어4동
대구광역시남부교육지원청,대구상원고등학교,고등학교,대구광역시 달서구 월배로 241,대구광역시 달서구 상인동 1,35.82168481,128.5394052,상인1동
대구광역시남부교육지원청,도원고등학교,고등학교,대구광역시 달서구 미리샘길 52,대구광역시 달서구 도원동 1453,35.80527659,128.5454881,도원동
대구광역시동부교육지원청,신명고등학교,고등학교,대구광역시 중구 국채보상로102길 48,대구광역시 중구 동산동 206,35.86838328,128.584035,성내2동
대구광역시남부교육지원청,경일여자고등학교,고등학교,대구광역시 남구 효성로 37,대구광역시 남구 봉덕동 1322-1,35.83640873,128.5968171,봉덕3동
대구광역시남부교육지원청,대구제일여자상업고등학교,고등학교,대구광역시 달서구 대명천로 120,대구광역시 달서구 본리동 156-1,35.84075539,128.545887,본리동
대구광역시남부교육지원청,대구하이텍고등학교,고등학교,대구광역시 달서구 학산남로 50,대구광역시 달서구 상인동 1-2,35.82324215,128.5386414,상인1동
대구광역시서부교육지원청,운암고등학교,고등학교,대구광역시 북구 학정로 378,대구광역시 북구 구암동 787,35.93883398,128.5637524,구암동
대구광역시동부교육지원청,동문고등학교,고등학교,대구광역시 수성구 효행로 17,대구광역시 수성구 만촌동 82-4,35.87730148,128.6510319,만촌1동
대구광역시남부교육지원청,효성여자고등학교,고등학교,대구광역시 달서구 월곡로94길 48,대구광역시 달서구 월성동 247,35.83430422,128.5284024,월성2동
대구광역시동부교육지원청,달구벌고등학교,고등학교,대구광역시 동구 팔공산로2길 16,대구광역시 동구 덕곡동 75-5,35.99454114,128.6108132,공산동
대구광역시동부교육지원청,대구일과학고등학교,고등학교,대구광역시 동구 경안로 987,대구광역시 동구 각산동 1046,35.88656282,128.7226999,혁신동
대구광역시달성교육지원청,심인고등학교,고등학교,대구광역시 달성군 다사읍 대실역남로1길 5,대구광역시 달성군 다사읍 죽곡리 816,35.85311035,128.465259,다사읍
대구광역시남부교육지원청,대구보건고등학교,고등학교,대구광역시 달서구 두류남길 10,대구광역시 달서구 두류동 1207-1,35.85810993,128.5726243,두류1.2동
대구광역시달성교육지원청,대원고등학교,고등학교,대구광역시 달성군 화원읍 비슬로 2658,대구광역시 달성군 화원읍 본리리 1-1,35.80668948,128.5070767,화원읍
대구광역시달성교육지원청,현풍고등학교,고등학교,대구광역시 달성군 현풍읍 비슬로 675,대구광역시 달성군 현풍읍 성하리 497,35.6985296,128.4382371,현풍읍
대구광역시서부교육지원청,영진고등학교,고등학교,대구광역시 북구 동북로57길 9,대구광역시 북구 복현동 332-1,35.89461538,128.6220753,복현2동
대구광역시동부교육지원청,수성고등학교,고등학교,대구광역시 수성구 용학로28길 36,대구광역시 수성구 두산동 산1-1,35.82127653,128.625466,지산2동
대구광역시동부교육지원청,대구과학고등학교,고등학교,대구광역시 수성구 동대구로 154,대구광역시 수성구 황금동 610-1,35.844679,128.6254904,황금2동
대구광역시동부교육지원청,정동고등학교,고등학교,대구광역시 동구 용계로1길 49,대구광역시 동구 용계동 산38-6,35.87674854,128.6928649,안심2동
대구광역시서부교육지원청,성화여자고등학교,고등학교,대구광역시 북구 복현로 140,대구광역시 북구 복현동 540-1,35.9032298,128.620265,복현2동
대구광역시달성교육지원청,대구소프트웨어마이스터고등학교,고등학교,대구광역시 달성군 구지면 창리로11길 93,대구광역시 달성군 구지면 창리 324,35.66325082,128.4136189,구지면
대구광역시동부교육지원청,대구혜화여자고등학교,고등학교,대구광역시 수성구 교학로12길 62,대구광역시 수성구 만촌동 1256-26,35.84985719,128.647666,만촌3동
대구광역시남부교육지원청,성산고등학교,고등학교,대구광역시 달서구 새방로7길 33,대구광역시 달서구 용산동 508-2,35.86224357,128.5200481,용산2동
대구광역시남부교육지원청,원화여자고등학교,고등학교,대구광역시 달서구 당산로30길 30,대구광역시 달서구 성당동 670-30,35.84830827,128.5491224,성당동
대구광역시남부교육지원청,대건고등학교,고등학교,대구광역시 달서구 월곡로94길 46,대구광역시 달서구 월성동 247,35.83395193,128.5281133,월성2동
대구광역시남부교육지원청,상서고등학교,고등학교,대구광역시 달서구 야외음악당로 107,대구광역시 달서구 성당동 670-31,35.84643612,128.5498704,성당동
대구광역시동부교육지원청,대구남산고등학교,고등학교,대구광역시 수성구 신천동로 364,대구광역시 수성구 수성동1가 96-16,35.85731247,128.6091788,수성1가동
대구광역시동부교육지원청,대구동부고등학교,고등학교,대구광역시 동구 반야월북로 199,대구광역시 동구 각산동 199,35.87429023,128.7190722,안심4동
대구광역시서부교육지원청,대구과학기술고등학교,고등학교,대구광역시 서구 당산로 228,대구광역시 서구 내당동 456-1,35.85749282,128.5482964,내당4동
대구광역시동부교육지원청,조일고등학교,고등학교,대구광역시 동구 신덕로 136-11,대구광역시 동구 신평동 50,35.8820852,128.6944554,해안동
대구광역시서부교육지원청,함지고등학교,고등학교,대구광역시 북구 학정로48길 46,대구광역시 북구 구암동 488-3,35.92786841,128.5605125,구암동
대구광역시남부교육지원청,대구외국어고등학교,고등학교,대구광역시 달서구 선원로11길 21,대구광역시 달서구 신당동 1675,35.86044381,128.4980612,신당동
대구광역시동부교육지원청,대구공업고등학교,고등학교,대구광역시 동구 대현로 135,대구광역시 동구 신암동 811,35.88321267,128.6141702,신암1동
대구광역시서부교육지원청,경상여자고등학교,고등학교,대구광역시 북구 침산남로9길 164,대구광역시 북구 침산동 810-1,35.90054196,128.5878439,침산1동
대구광역시남부교육지원청,와룡고등학교,고등학교,대구광역시 달서구 선원로23북길 20,대구광역시 달서구 이곡동 1318,35.86137993,128.5036794,이곡2동
대구광역시남부교육지원청,경상공업고등학교,고등학교,대구광역시 남구 대경길 151,대구광역시 남구 대명동 3015-1,35.8452186,128.5741961,대명4동
대구광역시달성교육지원청,화원고등학교,고등학교,대구광역시 달성군 화원읍 비슬로 2458,대구광역시 달성군 화원읍 설화리 553-13,35.79720117,128.4892713,화원읍
대구광역시군위교육지원청,군위고등학교,고등학교,대구광역시 군위군 군위읍 군청로 254-6,대구광역시 군위군 군위읍 정리 291,36.24547463,128.5697899,군위읍
대구광역시달성교육지원청,비슬고등학교,고등학교,대구광역시 달성군 현풍읍 테크노북로 100,대구광역시 달성군 현풍읍 중리 482,35.69550494,128.4545987,현풍읍
대구광역시서부교육지원청,경상고등학교,고등학교,대구광역시 북구 공항로15길 24,대구광역시 북구 복현동 105,35.90189918,128.621534,복현2동
대구광역시동부교육지원청,영남공업고등학교,고등학교,대구광역시 수성구 교학로 96,대구광역시 수성구 만촌동 1160-3,35.84842817,128.6469293,만촌3동
대구광역시남부교육지원청,상인고등학교,고등학교,대구광역시 달서구 상인로 24,대구광역시 달서구 상인동 1562,35.81045198,128.5512978,상인3동
대구광역시남부교육지원청,대곡고등학교,고등학교,대구광역시 달서구 도원남로 80,대구광역시 달서구 도원동 1459,35.80323736,128.536857,도원동
대구광역시서부교육지원청,경덕여자고등학교,고등학교,대구광역시 서구 국채보상로34길 50,대구광역시 서구 중리동 100-1,35.86357119,128.5489381,상중이동
대구광역시남부교육지원청,경북예술고등학교,고등학교,대구광역시 남구 중앙대로47길 30,대구광역시 남구 대명동 1804-1,35.85458674,128.5885265,대명2동
대구광역시남부교육지원청,경화여자고등학교,고등학교,대구광역시 달서구 당산로30길 20,대구광역시 달서구 성당동 670-29,35.84839511,128.5486077,성당동
대구광역시동부교육지원청,대구여자고등학교,고등학교,대구광역시 수성구 달구벌대로488길 17,대구광역시 수성구 범어동 240-4,35.85650935,128.629864,범어1동
대구광역시남부교육지원청,경원고등학교,고등학교,대구광역시 달서구 새방로 77,대구광역시 달서구 용산동 6,35.86547932,128.525679,용산2동
대구광역시남부교육지원청,성서고등학교,고등학교,대구광역시 달서구 선원로 221,대구광역시 달서구 용산동 501-1,35.8598709,128.516192,용산2동
대구광역시동부교육지원청,경북고등학교,고등학교,대구광역시 수성구 청호로 300,대구광역시 수성구 황금동 9,35.84474469,128.6416344,범어4동
대구광역시서부교육지원청,대구체육고등학교,고등학교,대구광역시 북구 칠곡중앙대로136길 29,대구광역시 북구 동호동 463-2,35.95879744,128.5577173,국우동
대구광역시서부교육지원청,대중금속공업고등학교,고등학교,대구광역시 북구 관음로 303-12,대구광역시 북구 읍내동 361-4,35.95563216,128.5529842,읍내동
대구광역시서부교육지원청,경명여자고등학교,고등학교,대구광역시 북구 칠성로17길 18,대구광역시 북구 칠성동2가 411,35.88072706,128.5984327,칠성동
대구광역시남부교육지원청,경북여자상업고등학교,고등학교,대구광역시 남구 명덕로38길 36,대구광역시 남구 대명동 1804-2,35.85494162,128.5887495,대명2동
대구광역시동부교육지원청,오성고등학교,고등학교,대구광역시 수성구 달구벌대로522길 78,대구광역시 수성구 만촌동 1070,35.85447266,128.6447837,만촌3동
대구광역시동부교육지원청,경신고등학교,고등학교,대구광역시 수성구 달구벌대로504길 34,대구광역시 수성구 범어동 100-5,35.85548176,128.6375875,범어4동
대구광역시서부교육지원청,성광고등학교,고등학교,대구광역시 북구 검단로 150,대구광역시 북구 검단동 986-1,35.9075717,128.6242288,검단동
대구광역시동부교육지원청,경북공업고등학교,고등학교,대구광역시 중구 남산로 20,대구광역시 중구 남산동 2380-5,35.85851368,128.5835008,남산3동
대구광역시동부교육지원청,능인고등학교,고등학교,대구광역시 수성구 무학로 207,대구광역시 수성구 지산동 800,35.83210847,128.632558,지산1동
대구광역시동부교육지원청,덕원고등학교,고등학교,대구광역시 수성구 욱수길 37,대구광역시 수성구 욱수동 81,35.82572222,128.705953,고산1동
대구광역시남부교육지원청,송현여자고등학교,고등학교,대구광역시 달서구 송현로 156,대구광역시 달서구 송현동 540,35.83112106,128.5462157,송현2동
대구광역시달성교육지원청,달서고등학교,고등학교,대구광역시 달성군 하빈면 하빈로 118,대구광역시 달성군 하빈면 감문리 816,35.8861993,128.4214028,하빈면
대구광역시서부교육지원청,강북고등학교,고등학교,대구광역시 북구 태전로 100,대구광역시 북구 태전동 산14-1,35.92972817,128.5412228,태전1동
대구광역시서부교육지원청,영송여자고등학교,고등학교,대구광역시 북구 태전로 92,대구광역시 북구 태전동 산6-1,35.92901653,128.5418413,태전1동
대구광역시서부교육지원청,대구서부고등학교,고등학교,대구광역시 서구 국채보상로53길 32,대구광역시 서구 평리동 1070-48,35.87365309,128.5602007,평리3동
대구광역시서부교육지원청,구암고등학교,고등학교,대구광역시 북구 태암남로11길 7,대구광역시 북구 구암동 672,35.92623822,128.553221,구암동
대구광역시달성교육지원청,다사고등학교,고등학교,대구광역시 달성군 다사읍 달구벌대로 839,대구광역시 달성군 다사읍 죽곡리 5-5,35.86110567,128.4627608,다사읍
대구광역시남부교육지원청,대구전자공업고등학교,고등학교,대구광역시 달서구 용산로 113,대구광역시 달서구 장기동 464-10,35.84793267,128.5297971,장기동
대구광역시서부교육지원청,칠성고등학교,고등학교,대구광역시 북구 칠성로 13,대구광역시 북구 칠성동2가 168-13,35.88060728,128.5912615,칠성동
대구광역시동부교육지원청,경북여자고등학교,고등학교,대구광역시 중구 중앙대로 288,대구광역시 중구 남산동 714-2,35.85842716,128.5922004,남산1동
대구광역시서부교육지원청,달성고등학교,고등학교,대구광역시 서구 달구벌대로 1725,대구광역시 서구 내당동 467-1,35.85893186,128.5553428,내당4동
대구광역시서부교육지원청,학남고등학교,고등학교,대구광역시 북구 학남로 78,대구광역시 북구 국우동 1080-1,35.94627087,128.5691977,국우동
대구광역시동부교육지원청,강동고등학교,고등학교,대구광역시 동구 금강로 65,대구광역시 동구 신서동 560,35.86598296,128.7296127,안심3동
대구광역시남부교육지원청,영남고등학교,고등학교,대구광역시 달서구 월곡로 300,대구광역시 달서구 상인동 70,35.82076999,128.5363043,상인1동
대구광역시서부교육지원청,매천고등학교,고등학교,대구광역시 북구 매전로 70,대구광역시 북구 태전동 1127,35.91159433,128.5472371,태전2동
대구광역시동부교육지원청,청구고등학교,고등학교,대구광역시 동구 국채보상로 827,대구광역시 동구 신천동 850-6,35.86865525,128.6205716,신천3동
대구광역시동부교육지원청,영신고등학교,고등학교,대구광역시 동구 팔공로50길 32,대구광역시 동구 봉무동 524,35.92000422,128.646424,불로.봉무동
대구광역시동부교육지원청,대륜고등학교,고등학교,대구광역시 수성구 달구벌대로 2700,대구광역시 수성구 만촌동 산241,35.85168394,128.6567622,만촌3동
대구광역시동부교육지원청,경북대학교사범대학부설고등학교,고등학교,대구광역시 중구 달구벌대로 2178,대구광역시 중구 대봉동 60-19,35.8625154,128.6006135,대봉1동
대구광역시남부교육지원청,대구여자상업고등학교,고등학교,대구광역시 남구 현충로40길 50,대구광역시 남구 대명동 1835-3,35.84902055,128.5832069,대명2동
대구광역시동부교육지원청,시지고등학교,고등학교,대구광역시 수성구 신매로 6,대구광역시 수성구 신매동 602-1,35.83012049,128.7074233,고산1동
,경북대학교,대학교,대구광역시 북구 대학로 80,대구광역시 북구 산격동 1370-1,35.88909749,128.6143223,산격3동
,계명대학교,대학교,대구광역시 달서구 달구벌대로 1095,대구광역시 달서구 신당동 1000-2,35.85355435,128.4814938,신당동
,대구교육대학교,대학교,대구광역시 남구 중앙대로 219,대구광역시 남구 대명동 1797-5,35.85143158,128.5877392,대명2동
,대구경북과학기술원,대학교,대구광역시 달성군 현풍읍 테크노중앙대로 333,대구광역시 달성군 현풍읍 상리 953,35.70563874,128.455011,현풍읍
,계명문화대학교,대학교,대구광역시 달서구 달서대로 675,대구광역시 달서구 신당동 700,35.85946203,128.4863418,신당동
,대구공업대학교,대학교,대구광역시 달서구 송현로 205,대구광역시 달서구 본동 831,35.83408184,128.5443283,본동
,대구보건대학교,대학교,대구광역시 북구 영송로 15,대구광역시 북구 태전동 산 6-6,35.92684451,128.5440277,태전1동
,대구과학대학교,대학교,대구광역시 북구 영송로 47,대구광역시 북구 태전동 산 9-1,35.92925359,128.5427833,태전1동
,영남이공대학교,대학교,대구광역시 남구 현충로 170,대구광역시 남구 대명동 317-1,35.84767574,128.5841726,대명5동
,영진전문대학교,대학교,대구광역시 북구 복현로 35,대구광역시 북구 복현동 218,35.8956531,128.6206226,복현2동
,영진사이버대학교,대학교,대구광역시 북구 복현로 35,대구광역시 북구 복현동 218,35.8956531,128.6206226,복현2동
,한국폴리텍 VI 대학 대구캠퍼스,대학교,대구광역시 서구 국채보상로43길 15,대구광역시 서구 평리동 1495,35.87408784,128.5530232,평리5동
,한국폴리텍 VI 대학 영남융합기술캠퍼스,대학교,대구광역시 동구 팔공로 222,대구광역시 동구 봉무동 1558,35.92024304,128.6420149,불로봉무동
,수성대학교,대학교,대구광역시 수성구 달구벌대로528길 15,대구광역시 수성구 만촌동 1078,35.8552529,128.6496113,만촌3동
,53,유흥주점영업,대구광역시 중구 동성로4길 28-6(삼덕동1가),,35.86585874,128.5989007,삼덕동
,11번가가요주점,유흥주점영업,대구광역시 남구 자유길 12(대명동),,35.84095063,128.5831759,대명9동
,123street,유흥주점영업,대구광역시 수성구 동대구로 123(황금동),,35.84128282,128.6236075,황금2동
,1박2일,유흥주점영업,대구광역시 동구 동부로26길 56(2층 신천동),,35.87090026,128.6277279,신천4동
,2F,유흥주점영업,대구광역시 수성구 청수로 102(두산동),,35.83974184,128.6192224,두산동
,39비즈니스클럽,유흥주점영업,대구광역시 동구 동부로22길 37-1(신천동),,35.87322536,128.6270911,신천4동
,3지구,유흥주점영업,대구광역시 북구 동천로 138-6(동천동),,35.94364219,128.5614905,동천동
,77회관,유흥주점영업,대구광역시 동구 아양로 57(지하1층 신암동),,35.8826157,128.620183,신암1동
,7번,유흥주점영업,대구광역시 달서구 월배로22길 34(진천동),,35.81294605,128.5260329,진천동
,8090마이웨이,유흥주점영업,대구광역시 수성구 달구벌대로 3224(신매동),,35.83899959,128.708927,고산1동
,AU(에이유),유흥주점영업,"대구광역시 중구 동성로4길 61(삼덕동1가, 지상2.3층)",,35.86748291,128.5988772,삼덕동
,BMB노래주점,유흥주점영업,대구광역시 동구 아양로 344(입석동),,35.89454013,128.6453812,동촌동
,GS가요주점,유흥주점영업,대구광역시 남구 현충로 88(대명동),,35.8409603,128.5801823,대명5동
,K2영상가요주점,유흥주점영업,대구광역시 북구 칠곡중앙대로 지하 222(태전동),,,,
,MIDAS 마이더스,유흥주점영업,대구광역시 달성군 유가읍 테크노상업로4길 18-12(만세타운 3층 301호),,35.6924202,128.459696,유가읍
,MOLLY(몰리),유흥주점영업,대구광역시 중구 동성로4길 25(2층 삼덕동1가),,35.86595656,128.5984435,삼덕동
,Q,유흥주점영업,대구광역시 수성구 국채보상로 914(범어동),,35.86655741,128.630604,범어2동
,SBS,유흥주점영업,대구광역시 동구 동부로22길 36(신천동),,35.8733529,128.6266834,신천4동
,S가라오케 바(Bar),유흥주점영업,대구광역시 달성군 현풍읍 테크노상업로2길 19(미소빌딩 5층 505호),,35.69168455,128.4558729,현풍읍
,THE샵노래주점,유흥주점영업,대구광역시 중구 중앙대로79길 13(남일동),,35.86911347,128.5928116,성내2동
,VIP가요주점,유흥주점영업,대구광역시 동구 동부로24길 25(B동 2층 신천동),,35.87358298,128.6274929,신천4동
,W가요주점,유흥주점영업,대구광역시 달성군 현풍읍 테크노상업로2길 19(4층 401호 미소빌딩),,35.69168455,128.4558729,현풍읍
,Y2(와이투),유흥주점영업,대구광역시 중구 공평로8길 28(삼덕동2가),,35.86651285,128.6014398,삼덕동
,가람,유흥주점영업,"대구광역시 동구 동부로30길 42(신천동,지상2층)",,35.87332398,128.6285974,신천4동
,가람가요주점,유흥주점영업,대구광역시 군위군 효령면 간동유원지길 31,,36.17848573,128.5857958,효령면
,가리비,유흥주점영업,대구광역시 달서구 성당로 159(성당동),,35.84832658,128.5686913,성당동
,가미,유흥주점영업,대구광역시 중구 종로 44-25(종로1가),,35.87011713,128.5922639,성내2동
,가보자 7090가요방,유흥주점영업,대구광역시 달성군 유가읍 테크노공원로 65(3층 304호),,35.69197217,128.4601093,유가읍
,가수와디제이(DJ)7080,유흥주점영업,대구광역시 중구 동덕로 16(지하 1층 대봉동),,35.85632807,128.6045976,수성1가동
,가요무대,유흥주점영업,대구광역시 동구 신암남로 181(신암동),,35.88524263,128.632537,신암4동
,가인,유흥주점영업,"대구광역시 중구 종로 30-1(종로2가, 지상2층)",,35.86867444,128.5920292,성내2동
,갈채주점,유흥주점영업,대구광역시 동구 팔공로28길 8(불로동),,35.91070305,128.6419023,불로.봉무동
,갑부,유흥주점영업,대구광역시 수성구 동대구로 27(8층 두산동),,35.83269033,128.6228935,두산동
,강남유흥주점,유흥주점영업,대구광역시 북구 동천로 138-8(동천동),,35.94360033,128.561861,동천동
,개구리(노래클럽),유흥주점영업,대구광역시 동구 동부로22길 43(지하1층 신천동),,35.87280531,128.6271133,신천4동
,개구리노래,유흥주점영업,대구광역시 수성구 상록로2길 5(범어동),,35.86064254,128.6244571,범어3동
,갤러리가요주점,유흥주점영업,대구광역시 동구 동북로 434(신암동),,35.88446955,128.6338354,신암4동
,거래가요주점,유흥주점영업,대구광역시 달성군 현풍읍 테크노상업로2길 8-15(3층),,35.69001274,128.45407,현풍읍
,거리주점(아까사까),유흥주점영업,대구광역시 남구 대명로 232(대명동),,35.84101698,128.5822237,대명9동
,고구려룸,유흥주점영업,대구광역시 수성구 청수로 101-1(황금동),,35.84053542,128.6193871,황금2동
,고래고래,유흥주점영업,대구광역시 중구 중앙대로81길 11(동일동),,35.86965719,128.5930927,성내2동
,고래등,유흥주점영업,대구광역시 동구 동부로26길 70(신천동),,35.86982155,128.6279512,신천4동
,고려라이브7080,유흥주점영업,대구광역시 남구 봉덕로 99(봉덕동),,35.84482784,128.6014577,봉덕1동
,고추,유흥주점영업,대구광역시 북구 구암로 138(구암동),,35.9315915,128.5558242,구암동
,골드,유흥주점영업,대구광역시 달서구 와룡로 107(본리동),,35.84226985,128.5364675,본리동
,골드,유흥주점영업,"대구광역시 동구 아양로 174-1(신암동,지하1층)",,35.88534559,128.6322089,신암4동
,골드,유흥주점영업,대구광역시 수성구 수성로 254-1(중동),,35.84820036,128.613185,중동
,골드노래주점,유흥주점영업,대구광역시 남구 명덕로 136-1(대명동),,35.85631896,128.5850092,대명2동
,골드문,유흥주점영업,대구광역시 수성구 동대구로 119(황금동),,35.84094472,128.6236203,황금2동
,골드빅타운,유흥주점영업,대구광역시 달성군 현풍읍 테크노공원로 31(302호),,35.69184521,128.4562173,현풍읍
,골든가요주점,유흥주점영업,대구광역시 서구 북비산로 315(평리동),,35.87971727,128.567688,평리1동
,골든노래짱,유흥주점영업,대구광역시 북구 칠성남로 198(2층 칠성동1가),,35.87623359,128.6019505,칠성동
,골든벨 유흥주점,유흥주점영업,대구광역시 서구 서대구로 352(2층 비산동),,35.88810709,128.5601198,비산7동
,골든벨노래방식주점,유흥주점영업,대구광역시 북구 동북로 280(지하1층 복현동),,35.89299443,128.620419,복현1동
,골든타워,유흥주점영업,"대구광역시 달서구 이곡서로 8(이곡동,지상2층)",,35.85433309,128.5061007,이곡2동
,공원주점,유흥주점영업,대구광역시 서구 국채보상로46길 6-1(평리동),,35.86996437,128.5556197,평리4동
,광림라이브,유흥주점영업,대구광역시 서구 달서로 258(원대동3가),,35.88491425,128.5739033,원대동
,국빈관 라이브클럽,유흥주점영업,대구광역시 동구 동촌로 28(입석동),,35.89028128,128.6458877,동촌동
,궁,유흥주점영업,"대구광역시 달서구 성서공단로11길 70-18(호산동,2층)",,35.84125098,128.4899324,신당동
,궁,유흥주점영업,대구광역시 동구 동부로26길 32(1층 신천동),,35.87301006,128.6276841,신천4동
,궁,유흥주점영업,대구광역시 서구 국채보상로46길 72(평리동),,35.86420589,128.5571884,평리4동
,궁,유흥주점영업,"대구광역시 달서구 와룡로 38-1(본동,지하1층)",,35.83603922,128.5371612,본동
,궁,유흥주점영업,대구광역시 북구 대현로 57(대현동),,35.88439487,128.6060245,대현동
,궁전,유흥주점영업,대구광역시 북구 팔달로 131(노원동3가),,35.88967244,128.5644925,노원동
,귀빈,유흥주점영업,대구광역시 남구 대명로 144-1(대명동),,35.83901628,128.5733345,대명9동
,귀빈가요주점,유흥주점영업,대구광역시 중구 명덕로 225(대봉동),,35.85671909,128.5950426,대봉2동
,귀빈가요주점,유흥주점영업,대구광역시 서구 달서로 133(2층 비산동),,35.87420649,128.5709499,비산6동
,귀빈유흥주점,유흥주점영업,대구광역시 달서구 월배로 430(송현동),,35.83208538,128.5529175,송현1동
,귀빈회관,유흥주점영업,대구광역시 동구 화랑로25길 5(효목동),,35.87462102,128.64015,효목2동
,귀족가요주점,유흥주점영업,대구광역시 서구 달서로 251(비산동),,35.8846097,128.5731368,원대동
,귀족영상노래,유흥주점영업,대구광역시 북구 팔달로 201-6(노원동2가),,35.88849487,128.5724228,노원동
,규리,유흥주점영업,대구광역시 동구 경안로 779(동호동),,35.87172663,128.7135734,안심4동
,그랜드노래주점,유흥주점영업,대구광역시 북구 동암로 128-10(구암동),,35.94326404,128.5645442,구암동
,그레이스,유흥주점영업,대구광역시 수성구 동대구로 115(황금동),,35.84060619,128.6235314,황금2동
,그린가요주점,유흥주점영업,대구광역시 중구 동덕로36길 62(동인동4가),,35.86972594,128.6077139,동인동
,그린노래주점,유흥주점영업,대구광역시 북구 동천로 128-8(동천동),,35.94256225,128.5616999,동천동
,극동회관,유흥주점영업,대구광역시 달서구 월배로 457(송현동),,35.83420786,128.5547858,송현2동
,금강 가요주점,유흥주점영업,대구광역시 동구 신암로 104(신암동),,35.87986968,128.6110658,대현동
,금강산,유흥주점영업,"대구광역시 달서구 대명천로 241(본리동,지하1층)",,35.84162651,128.5339288,본리동
,금강산,유흥주점영업,대구광역시 서구 달서로 175-1(비산동),,35.87795542,128.5710133,비산6동
,금강주점,유흥주점영업,대구광역시 남구 성당로 152-1(대명동),,35.84812661,128.5692088,대명4동
,금동주점,유흥주점영업,대구광역시 남구 대명로 138(대명동),,35.83906432,128.5726451,대명9동
,금복주,유흥주점영업,대구광역시 수성구 동대구로 121(황금동),,35.84111184,128.6234498,황금2동
,금성,유흥주점영업,대구광역시 북구 동암로 128-10(구암동),,35.94326404,128.5645442,구암동
,금탑,유흥주점영업,대구광역시 서구 평리로 294(내당동),,35.86319737,128.5555579,내당4동
,기라성,유흥주점영업,대구광역시 서구 서대구로62길 99(비산동),,35.88903504,128.5652266,노원동
,까치유흥주점,유흥주점영업,대구광역시 수성구 명덕로 425(수성동2가),,35.85449896,128.6168133,수성2.3가동
,까치주점,유흥주점영업,대구광역시 서구 국채보상로 170(중리동),,35.86922185,128.5496575,상중이동
,꽃날,유흥주점영업,대구광역시 달서구 이곡서로 15(이곡동),,35.85389033,128.5051964,이곡2동
,꽃동네,유흥주점영업,대구광역시 북구 경진로1길 5(복현동),,35.89614957,128.6141572,복현1동
,꿀,유흥주점영업,대구광역시 남구 성당로 6(대명동),,35.83855496,128.5584906,대명10동
,꿀,유흥주점영업,대구광역시 북구 침산로 34-1(칠성동2가),,35.87962679,128.5894551,칠성동
,꿀,유흥주점영업,대구광역시 달서구 한실로 99(도원동),,35.80695665,128.5375457,도원동
,나도향,유흥주점영업,대구광역시 중구 약령길 60(수동),,35.86895085,128.589517,성내2동
,나도향노래방식주점,유흥주점영업,대구광역시 북구 칠성남로30길 47-1(칠성동2가),,35.8761953,128.600233,칠성동
,나비,유흥주점영업,대구광역시 동구 동부로22길 69-1(신천동),,35.87036418,128.6274549,신천4동
,나비,유흥주점영업,대구광역시 북구 경진로1길 71(3층 복현동),,35.89318147,128.6196872,복현1동
,나비,유흥주점영업,대구광역시 북구 칠성시장로 14(칠성동1가),,35.87554835,128.6049283,칠성동
,나비,유흥주점영업,대구광역시 수성구 동대구로25길 41(2층 황금동),,35.84069958,128.6227819,황금2동
,나비가요세상,유흥주점영업,"대구광역시 달서구 월배로22길 34(진천동,지하1층)",,35.81294605,128.5260329,진천동
,나성7080라이브,유흥주점영업,대구광역시 북구 신암로 57(대현동),,35.87767767,128.6069621,대현동
,나이스,유흥주점영업,대구광역시 동구 동부로30길 29(지하1층 신천동),,35.87446709,128.6290217,신천4동
,남강회관,유흥주점영업,대구광역시 남구 성당로 162-1(대명동),,35.8486047,128.5699374,대명4동
,너구리,유흥주점영업,대구광역시 동구 동부로26길 64(신천동),,35.87018478,128.6277729,신천4동
,넘버원(NO.1),유흥주점영업,대구광역시 동구 동부로26길 17(신천동),,35.87442874,128.6281087,신천4동
,넘버원주점,유흥주점영업,대구광역시 서구 국채보상로 225(평리동),,35.87086893,128.5557044,평리3동
,네이버,유흥주점영업,대구광역시 달성군 유가읍 테크노공원로 59(3층 301호),,35.69197351,128.4596863,유가읍
,네이버,유흥주점영업,대구광역시 수성구 동대구로 121(황금동),,35.84111184,128.6234498,황금2동
,노다지,유흥주점영업,대구광역시 수성구 상록로 12(범어동),,35.86036623,128.6241723,범어3동
,노래고래1,유흥주점영업,대구광역시 중구 동성로5길 75(1층 삼덕동1가),,35.86733495,128.5986876,삼덕동
,노래고래2,유흥주점영업,대구광역시 중구 동성로5길 75(2층 삼덕동1가),,35.86733495,128.5986876,삼덕동
,노바디,유흥주점영업,대구광역시 동구 동부로26길 56(3층 신천동),,35.87090026,128.6277279,신천4동
,노블,유흥주점영업,"대구광역시 달서구 와룡로 88(본리동,지상3층)",,35.84047704,128.5374223,본리동
,노블레스주점,유흥주점영업,대구광역시 동구 동부로30길 55(신천동),,35.87217765,128.6290024,신천4동
,논다 노래타운 교동점,유흥주점영업,대구광역시 중구 교동3길 48(1층 동문동),,35.87216879,128.5983069,성내1동
,놀러와,유흥주점영업,대구광역시 북구 동북로 265-1(복현동),,35.894134,128.6198186,복현2동
,놀러와 노래세상,유흥주점영업,"대구광역시 북구 동천로 128-14(동천동,지하1층)",,35.94249307,128.5622651,동천동
,놀자,유흥주점영업,대구광역시 중구 중앙대로81길 34(지상2층 종로1가),,35.86977974,128.5918292,성내2동
,높은음자리,유흥주점영업,대구광역시 북구 동북로 246(복현동),,35.8950586,128.6177572,복현1동
,높은음자리,유흥주점영업,"대구광역시 달서구 이곡서로 15(이곡동,지상5층)",,35.85389033,128.5051964,이곡2동
,뉴 비지니스,유흥주점영업,대구광역시 수성구 수성로 244(중동),,35.8472335,128.6131667,중동
,뉴 상인 라이브,유흥주점영업,대구광역시 달서구 상화북로 180(상인동),,35.81250132,128.5456521,상인3동
,뉴궁전,유흥주점영업,대구광역시 달서구 구마로 240(송현동),,35.83677987,128.554122,송현2동
,뉴문(New moon),유흥주점영업,대구광역시 달서구 달서대로 475(지하1층 호산동),,35.84178836,128.4915067,신당동
,뉴벅시,유흥주점영업,대구광역시 남구 성당로 132(대명동),,35.84703771,128.5673137,대명4동
,뉴별궁라이브클럽,유흥주점영업,대구광역시 서구 북비산로 407(비산동),,35.87858312,128.5776498,비산2.3동
,뉴사탕,유흥주점영업,대구광역시 동구 동부로22길 79(2층 신천동),,35.86944818,128.6274748,신천4동
,뉴순풍,유흥주점영업,대구광역시 북구 동북로 218(2층 복현동),,35.89690822,128.6154724,복현1동
,뉴스타노래주점,유흥주점영업,대구광역시 군위군 군위읍 중앙길 90(2층),,36.23638365,128.5669592,군위읍
,뉴썬,유흥주점영업,대구광역시 수성구 동대구로 80(지산동),,35.83730683,128.6246179,지산1동
,뉴아리랑,유흥주점영업,대구광역시 동구 화랑로25길 1(효목동),,35.87428098,128.6400872,효목2동
,뉴에로스주점,유흥주점영업,대구광역시 남구 이천로 37(봉덕동),,35.84431825,128.5980051,봉덕3동
,뉴욕스텐드회관,유흥주점영업,대구광역시 수성구 청수로 11(지하1층 중동),,35.84125393,128.6094128,중동
,뉴월드 라이브(7080),유흥주점영업,대구광역시 달서구 성서공단로15길 70(3층 호산동),,35.84136412,128.4906338,신당동
,뉴카네기,유흥주점영업,대구광역시 수성구 청수로 123(3층 황금동),,35.84039446,128.6215803,황금2동
,뉴캐슬,유흥주점영업,"대구광역시 달서구 성서공단로15길 29(호림동,지상2층)",,35.83778887,128.4901451,신당동
,뉴캐슬클럽,유흥주점영업,대구광역시 달성군 현풍읍 현풍중앙로 56-1(외2필지지하1층),,35.69458364,128.4457824,현풍읍
,뉴코리아회관,유흥주점영업,대구광역시 서구 서대구로 50(내당동),,35.8623762,128.5567293,내당1동
,뉴코뮤직타운 동성로점,유흥주점영업,대구광역시 중구 동성로5길 80(지하1층 삼덕동1가),,35.86702183,128.5987871,삼덕동
,뉴코뮤직타운 칠곡점,유흥주점영업,대구광역시 북구 동천로 125(지하2층 동천동),,35.9427436,128.5604493,동천동
,뉴코뮤직타운 현풍점(1호),유흥주점영업,"대구광역시 달성군 현풍읍 테크노상업로2길 19(6층 604,605호)",,35.69168455,128.4558729,현풍읍
,뉴태풍회관,유흥주점영업,대구광역시 남구 성당로 278(대명동),,35.85750419,128.5745427,대명3동
,뉴토마토,유흥주점영업,대구광역시 북구 대학로 146(2층 복현동),,35.8966152,128.6142504,복현1동
,뉴파도노래방식주점,유흥주점영업,대구광역시 북구 경진로1길 7(복현동),,35.89629038,128.6143075,복현1동
,뉴파라오,유흥주점영업,대구광역시 달서구 달구벌대로251길 10(이곡동),,35.85292509,128.5051544,이곡2동
,늘봄노래주점,유흥주점영업,대구광역시 서구 서대구로 132-1(평리동),,35.86984741,128.5554731,평리4동
,니아띠노래타운,유흥주점영업,"대구광역시 달서구 달구벌대로251길 25(이곡동,지상2층)",,35.85435589,128.5046264,이곡2동
,닉스,유흥주점영업,"대구광역시 달서구 달구벌대로251안길 28(이곡동,지상2층)",,35.85365613,128.5057994,이곡2동
,닉스,유흥주점영업,대구광역시 달성군 유가읍 테크노공원로 51(5층 505호),,35.69196534,128.4587997,유가읍
,닉스(NYX),유흥주점영업,대구광역시 중구 동성로3길 12-23(삼덕동1가),,35.86575916,128.5982778,삼덕동
,다국적노래클럽 오렌지,유흥주점영업,대구광역시 달서구 달구벌대로 1910(크리스탈호텔 지하1층 두류동),,35.86211923,128.5737043,두류1.2동
,다국적카리브클럽,유흥주점영업,"대구광역시 달서구 달구벌대로 1910(두류동,지하1층)",,35.86211923,128.5737043,두류1.2동
,다미아니,유흥주점영업,대구광역시 달서구 이곡서로 13(이곡동),,35.85390625,128.505501,이곡2동
,다빈치,유흥주점영업,대구광역시 달서구 달서대로85길 6-9(2층 호림동),,35.83821056,128.4909127,신당동
,다올,유흥주점영업,대구광역시 동구 동부로22길 56(신천동),,35.87154149,128.6266719,신천4동
,다이아나,유흥주점영업,대구광역시 달서구 달구벌대로 1902(두류동),,35.86187989,128.5725135,두류1.2동
,다이애나,유흥주점영업,대구광역시 서구 국채보상로 229(지하 1층 평리동),,35.87086993,128.5560303,평리3동
,달빛가요주점,유흥주점영업,대구광역시 서구 달서로 176(2층 비산동),,35.87786095,128.5715599,비산2.3동
,달팽이,유흥주점영업,대구광역시 수성구 수성로 212(중동),,35.84440792,128.612908,중동
,달팽이,유흥주점영업,대구광역시 동구 신암로 지하 90(1층 신암동),,,,
,대가실비주점,유흥주점영업,"대구광역시 서구 달서로 288-2(원대동3가,1325-5)",,35.88700429,128.5757635,원대동
,대광,유흥주점영업,대구광역시 동구 신암로 115(신암동),,35.88089834,128.6119245,신암2동
,대구회관,유흥주점영업,대구광역시 동구 아양로 55(신암동),,35.88258342,128.6200444,신암1동
,대궁,유흥주점영업,"대구광역시 달서구 상화북로 188(상인동,지하1층)",,35.81302716,128.5462392,상인3동
,대궁가요주점,유흥주점영업,대구광역시 달성군 화원읍 비슬로 2555(256-2.4.5 . 257),,35.80329827,128.4964629,화원읍
,대박,유흥주점영업,대구광역시 서구 서대구로 51(내당동),,35.86258309,128.5560626,내당4동
,대왕주점,유흥주점영업,"대구광역시 달서구 달서대로95길 14(호산동,지상2층)",,35.84221438,128.4901308,신당동
,대왕회관,유흥주점영업,대구광역시 북구 동북로 222(복현동),,35.89672757,128.6156974,복현1동
,대일유흥주점,유흥주점영업,대구광역시 북구 구암로15길 13(읍내동),,35.93376675,128.5493542,읍내동
,대장금,유흥주점영업,대구광역시 동구 아양로 174(지하1층 신암동),,35.88529785,128.6321081,신암4동
,대진가요주점,유흥주점영업,대구광역시 달서구 와룡로 156(감삼동),,35.84652948,128.5375058,감삼동
,더문(TheMoon),유흥주점영업,대구광역시 수성구 청수로 125(2층 황금동),,35.84033422,128.6218434,황금2동
,더반,유흥주점영업,대구광역시 달서구 달서대로91길 19(2층 호림동),,35.83935021,128.4895137,신당동
,더블린,유흥주점영업,대구광역시 중구 동성로4길 38(2층 삼덕동1가),,35.86639642,128.5988966,삼덕동
,더블유,유흥주점영업,"대구광역시 달서구 한실로 93(도원동,지하1층)",,35.80700532,128.5368898,도원동
,더블유(W),유흥주점영업,대구광역시 중구 동성로4길 28-8(삼덕동1가),,35.86582882,128.5990434,삼덕동
,더블유(W),유흥주점영업,대구광역시 서구 국채보상로 178(중리동),,35.86938595,128.5506281,상중이동
,더샵,유흥주점영업,대구광역시 남구 대명로 17-1(대명동),,35.83836115,128.5595863,대명10동
,더오페라 가요주점,유흥주점영업,대구광역시 달성군 현풍읍 테크노상업로2길 7-12(301호),,35.6927511,128.4564096,현풍읍
,더폭시,유흥주점영업,대구광역시 수성구 동대구로 51(두산동),,35.83491503,128.623037,두산동
,더？가요주점,유흥주점영업,"대구광역시 북구 경진로1길 1(복현동,1층)",,35.89599433,128.613975,복현1동
,던힐,유흥주점영업,대구광역시 동구 동부로30길 90(신천동),,35.86907872,128.6289896,신천4동
,데이,유흥주점영업,대구광역시 동구 반야월로 164(2층 신기동),,35.87239895,128.7063339,안심1동
,도래미노래짱,유흥주점영업,대구광역시 달서구 달구벌대로 1516(감삼동),,35.84935832,128.5329767,감삼동
,도레미가요주점,유흥주점영업,대구광역시 수성구 명덕로 474(범어동),,35.85376504,128.6219023,범어1동
,도쿄,유흥주점영업,"대구광역시 달서구 월배로 375(송현동,지하1층)",,35.82839842,128.549153,송현2동
,도쿄,유흥주점영업,대구광역시 달서구 달구벌대로 1516(감삼동),,35.84935832,128.5329767,감삼동
,도쿄,유흥주점영업,대구광역시 달성군 현풍읍 현풍중앙로16길 7,,,,현풍읍
,도쿄영상주점,유흥주점영업,대구광역시 달서구 와룡로 92(본리동),,35.84079288,128.5373952,본리동
,동경,유흥주점영업,대구광역시 남구 대명로 212(대명동),,35.84025854,128.5806651,대명9동
,동경가요주점,유흥주점영업,대구광역시 북구 팔달로 159-1(노원동3가),,35.88909955,128.5675421,노원동
,동경노래방식주점,유흥주점영업,대구광역시 북구 경진로1길 35(복현동),,35.89548806,128.6168085,복현1동
,동경노래주점,유흥주점영업,"대구광역시 달서구 상화북로 184(상인동,지하1층)",,35.81272223,128.545789,상인3동
,동궁노래주점,유흥주점영업,대구광역시 북구 동북로 264-2(복현동),,35.89392101,128.6193074,복현1동
,동방회관,유흥주점영업,대구광역시 북구 대현로 38(대현동),,35.88499985,128.6038097,대현동
,동백,유흥주점영업,대구광역시 서구 북비산로 362(비산동),,35.87911977,128.572853,비산2.3동
,동부회관,유흥주점영업,대구광역시 동구 신암남로 178(신암동),,35.88466792,128.6327139,신암4동
,동원회관,유흥주점영업,대구광역시 동구 아양로 123(지하1층 신암동),,35.88507377,128.6265998,신암4동
,동화주점,유흥주점영업,"대구광역시 동구 반야월로 190(서호동,7-27)",,35.87206026,128.7093466,안심4동
,두꺼비 가요주점,유흥주점영업,대구광역시 달성군 현풍읍 현풍중앙로 122-1,,35.69955441,128.4419369,현풍읍
,두레박,유흥주점영업,대구광역시 군위군 소보면 송원4길 1,,36.25601442,128.4793941,소보면
,둘리,유흥주점영업,대구광역시 달서구 구마로 72(2층 본동),,35.83714221,128.5353591,본동
,둘리,유흥주점영업,대구광역시 남구 성당로 16-1(대명동),,35.83930414,128.5590632,대명10동
,둥지가요주점,유흥주점영업,대구광역시 달성군 현풍읍 현풍중앙로 98,,35.69768383,128.443469,현풍읍
,드림가요주점,유흥주점영업,대구광역시 동구 안심로41길 54(지하1층 신기동),,35.8710274,128.7088394,안심1동
,디바,유흥주점영업,대구광역시 서구 국채보상로 210(평리동),,35.87002654,128.554047,평리4동
,디셈버(December),유흥주점영업,대구광역시 남구 봉덕남로 3(봉덕동),,35.84473597,128.5947472,봉덕3동
,디오스유흥주점,유흥주점영업,대구광역시 동구 율하동로24길 지하 19(신기동),,,,
,디점올,유흥주점영업,대구광역시 서구 서대구로11길 5(지하 1층 내당동),,35.86247495,128.5556037,내당4동
,디헬,유흥주점영업,대구광역시 중구 동성로4길 29(삼덕동1가),,35.86608529,128.598481,삼덕동
,딘훙(DINH HUNG),유흥주점영업,대구광역시 달서구 성서공단로11길 70-4(2층 호산동),,35.84122652,128.4886632,신당동
,딤플가요방식주점,유흥주점영업,대구광역시 달성군 화원읍 사문진로 442,,35.80360748,128.4969458,화원읍
,딸기,유흥주점영업,"대구광역시 달서구 달구벌대로251안길 28(이곡동,지상3층)",,35.85365613,128.5057994,이곡2동
,딸라,유흥주점영업,대구광역시 달서구 와룡로 152(감삼동),,35.84631451,128.5375657,감삼동
,떳다똘배,유흥주점영업,대구광역시 북구 동천로 125-9(동천동),,35.94284547,128.5595384,동천동
,또,유흥주점영업,"대구광역시 동구 아양로34길 2-1(신암동,외 1필지)",,35.88510603,128.6313825,신암4동
,또바기,유흥주점영업,대구광역시 동구 아양로 7-1(신암동),,35.8816057,128.6148113,신암1동
,뜰안채,유흥주점영업,대구광역시 남구 봉덕로 46-1(봉덕동),,35.84475135,128.5955164,봉덕3동
,띵가띵가,유흥주점영업,"대구광역시 달서구 상화북로 180(상인동,6층)",,35.81250132,128.5456521,상인3동
,라라,유흥주점영업,대구광역시 동구 첨단로8길 10(3층 301-1호 신서동),,35.87865062,128.7314079,안심3동
,라라,유흥주점영업,대구광역시 수성구 동대구로 197(황금동),,35.84798781,128.6243044,황금2동
,라스베가스,유흥주점영업,대구광역시 북구 유통단지로8길 21-15(산격동),,35.90440344,128.6087326,산격2동
,라이브 아세아,유흥주점영업,대구광역시 서구 서대구로 112(평리동),,35.86788976,128.5556465,평리4동
,락,유흥주점영업,대구광역시 남구 대명로 231(대명동),,35.84150949,128.5819879,대명5동
,람세스,유흥주점영업,"대구광역시 달서구 성서공단로11길 64-9(호산동,지상2층)",,35.84108595,128.489251,신당동
,람세스2유흥주점,유흥주점영업,대구광역시 달서구 성서공단로11길 64-9(3층 호산동),,35.84108595,128.489251,신당동
,램프,유흥주점영업,대구광역시 수성구 지범로 173(지산동),,35.8220705,128.6388244,지산1동
,램프,유흥주점영업,대구광역시 수성구 청수로 119(황금동),,35.84040372,128.6211409,황금2동
,러브가요주점,유흥주점영업,대구광역시 남구 성당로 188(대명동),,35.84999733,128.5721642,대명4동
,러브베트남유흥주점,유흥주점영업,대구광역시 동구 동부로30길 13(2층 신천동),,35.87589637,128.6291355,신천4동
,런(RUN),유흥주점영업,대구광역시 동구 동부로22길 80(지하1층 신천동),,35.86961132,128.627046,신천4동
,런던7080라이브회관,유흥주점영업,대구광역시 서구 달서로 89(비산동),,35.87022376,128.570787,비산4동
,런던가요방,유흥주점영업,대구광역시 달성군 현풍읍 현풍중앙로 95(2층),,35.69725652,128.4430454,현풍읍
,런던가요주점,유흥주점영업,대구광역시 남구 대명로 9(대명동),,35.83815996,128.5588264,대명10동
,런투유,유흥주점영업,대구광역시 남구 이천로 13(봉덕동),,35.84227285,128.5976244,봉덕3동
,레드,유흥주점영업,대구광역시 남구 성당로 144(대명동),,35.8476818,128.568457,대명4동
,레드카,유흥주점영업,대구광역시 동구 동부로30길 86(3층 신천동),,35.86930662,128.6288235,신천4동
,레츠고,유흥주점영업,대구광역시 수성구 동대구로25길 42(황금동),,35.84089254,128.6227266,황금2동
,로또,유흥주점영업,"대구광역시 달서구 상인서로 20(상인동,지상3층)",,35.81276794,128.5462149,상인3동
,로또,유흥주점영업,대구광역시 수성구 상록로 38(범어동),,35.8627591,128.6242269,범어3동
,로또가요주점,유흥주점영업,대구광역시 남구 현충로 95(대명동),,35.84127,128.5795886,대명1동
,로또노래주점,유흥주점영업,"대구광역시 북구 동천로 128-16(동천동,지하1층)",,35.94245477,128.5625425,동천동
,로망스,유흥주점영업,"대구광역시 수성구 청수로26길 14(두산동,지상2층)",,35.83912499,128.6222831,두산동
,로비,유흥주점영업,대구광역시 수성구 동대구로 6(지산동),,,,
,로얄노래주점,유흥주점영업,대구광역시 동구 아양로 339(입석동),,35.89425639,128.6445046,지저동
,루나,유흥주점영업,대구광역시 달서구 성서공단로11길 12-8(2층 호림동),,35.83594275,128.4890477,신당동
,루루,유흥주점영업,"대구광역시 달서구 달구벌대로 1537(죽전동,외 1필지 지상2층)",,35.85016435,128.5349638,죽전동
,루비,유흥주점영업,대구광역시 남구 대명로 165(대명동),,35.83932227,128.5758058,대명10동
,루비 노래방,유흥주점영업,대구광역시 동구 아양로 190(효목동),,35.88536017,128.6338861,효목1동
,루피(LOOPY),유흥주점영업,대구광역시 중구 동성로4길 73(지하 1층 공평동),,35.86809504,128.5991831,성내1동
,룰루랄라,유흥주점영업,대구광역시 수성구 동대구로 51(두산동),,35.83491503,128.623037,두산동
,룰루술마시는노래방,유흥주점영업,대구광역시 수성구 용학로 293-11(지산동),,35.82219601,128.6390369,지산1동
,류가요주점,유흥주점영업,대구광역시 서구 서대구로 184(평리동),,35.87444657,128.5552108,평리3동
,르네상스,유흥주점영업,대구광역시 동구 동촌로 28(입석동),,35.89028128,128.6458877,동촌동
,르망스노래주점,유흥주점영업,대구광역시 동구 동북로 436-1(신암동),,35.8842949,128.6340021,신암4동
,리더스,유흥주점영업,대구광역시 수성구 상록로 4(범어동),,35.85972473,128.6242637,범어3동
,리베라,유흥주점영업,"대구광역시 수성구 동대구로 117(황금동,황금호텔별관 3층)",,35.84080269,128.6236609,황금2동
,리베로,유흥주점영업,대구광역시 동구 동부로30길 23(신천동),,35.87512673,128.629094,신천4동
,리치,유흥주점영업,"대구광역시 서구 국채보상로 238(평리동, 1335-6)",,35.87059573,128.5570512,평리4동
,리치,유흥주점영업,대구광역시 남구 명덕로 124(대명동),,35.85621777,128.5837446,대명3동
,리치,유흥주점영업,대구광역시 북구 경진로1길 18(복현동),,35.89640517,128.6152807,복현1동
,리치,유흥주점영업,대구광역시 수성구 청수로26길 10(두산동),,35.83932818,128.6222446,두산동
,리치,유흥주점영업,"대구광역시 동구 동부로22길 93(신천동,,300-14)",,35.86834601,128.6271873,신천4동
,리치노래주점,유흥주점영업,대구광역시 달서구 용산로24길 87(2층 감삼동),,35.84927888,128.5351326,감삼동
,마돈나,유흥주점영업,대구광역시 동구 동부로26길 49(지하1층 신천동),,35.87132204,128.6280969,신천4동
,마루노래주점,유흥주점영업,대구광역시 달서구 구마로 252(송현동),,35.8368151,128.5553896,송현2동
,마카롱,유흥주점영업,대구광역시 달서구 달구벌대로251안길 5-5(이곡동),,35.85311743,128.5054032,이곡2동
,마흐,유흥주점영업,대구광역시 북구 유통단지로8길 86(산격동),,35.90593952,128.6140163,산격2동
,마흐라이브,유흥주점영업,대구광역시 북구 유통단지로8길 86(산격동),,35.90593952,128.6140163,산격2동
,만남노래세상,유흥주점영업,대구광역시 동구 아양로 26(지하1층 신암동),,35.88148876,128.6169521,신암3동
,만남노래주점,유흥주점영업,대구광역시 중구 명륜로 58(남산동),,35.86169683,128.5908501,남산1동
,만다래,유흥주점영업,대구광역시 동구 동부로22길 41(신천동),,35.87300241,128.6270653,신천4동
,만평회관,유흥주점영업,대구광역시 서구 팔달로 134(비산동),,35.88912758,128.5646331,노원동
,망고,유흥주점영업,대구광역시 동구 동대구로83길 24(신천동),,35.86940265,128.6235741,신천3동
,매원,유흥주점영업,대구광역시 동구 동부로26길 63(신천동),,35.87022524,128.6283515,신천4동
,맥심,유흥주점영업,대구광역시 달서구 달구벌대로 1804(두류동),,35.85912442,128.5623295,두류1.2동
,맥심라이브,유흥주점영업,대구광역시 동구 아양로 53(지하1층 신암동),,35.88253313,128.6199246,신암1동
,맨,유흥주점영업,대구광역시 남구 이천로 29(봉덕동),,35.84376743,128.5979675,봉덕3동
,맨(MAN),유흥주점영업,대구광역시 수성구 동대구로 11(두산동),,35.8313587,128.6228143,두산동
,맨하탄,유흥주점영업,대구광역시 동구 동부로22길 65(지하1층 신천동),,35.87069598,128.6274087,신천4동
,맨하탄가요주점,유흥주점영업,대구광역시 북구 팔달로 197-1(노원동2가),,35.88851892,128.5718045,노원동
,맨하탄주점,유흥주점영업,"대구광역시 달서구 달구벌대로251안길 23(이곡동,지하1층)",,35.85329152,128.5060942,이곡2동
,멋진,유흥주점영업,"대구광역시 달서구 와룡로 164(감삼동,170-20지하1층)",,35.84728495,128.5375387,감삼동
,메이커,유흥주점영업,"대구광역시 수성구 동대구로 115(황금동,7층)",,35.84060619,128.6235314,황금2동
,메트로 클럽,유흥주점영업,대구광역시 북구 동북로 290(복현동),,35.89236561,128.6216143,복현1동
,멜로디,유흥주점영업,대구광역시 동구 동부로30길 45-1(신천동),,35.87297225,128.6289711,신천4동
,명동회관,유흥주점영업,대구광역시 중구 태평로 21(달성동),,35.87476896,128.5917101,성내2동
,모나코,유흥주점영업,대구광역시 수성구 상록로 23(범어동),,,,
,모나코,유흥주점영업,"대구광역시 수성구 동대구로 117(황금동,지상2층황금호텔 내)",,35.84080269,128.6236609,황금2동
,모다 라이브(7080),유흥주점영업,대구광역시 달서구 달서대로95길 7(3층 호산동),,35.84182315,128.4907372,신당동
,모스크바,유흥주점영업,대구광역시 남구 중앙대로 142(봉덕동),,35.8458439,128.5908546,봉덕1동
,모스크바,유흥주점영업,대구광역시 동구 동부로22길 69(지하1층 신천동),,35.87048077,128.6274298,신천4동
,모아,유흥주점영업,대구광역시 수성구 무열로 9(만촌동),,35.85982323,128.6462788,만촌2동
,목로주점,유흥주점영업,대구광역시 서구 북비산로 321-1(비산동),,35.87971782,128.5685292,비산1동
,몽,유흥주점영업,"대구광역시 달서구 달구벌대로251안길 7(이곡동,지상3층)",,35.85273465,128.5058323,이곡2동
,무쏘가요주점,유흥주점영업,대구광역시 동구 동북로 417(신암동),,35.88597056,128.6328955,신암5동
,무지개,유흥주점영업,대구광역시 서구 서대구로 52(내당동),,35.86260677,128.5568227,내당1동
,물음표(게스),유흥주점영업,대구광역시 남구 이천로 29(봉덕동),,35.84376743,128.5979675,봉덕3동
,물의나라가요방식주점,유흥주점영업,대구광역시 북구 성북로 62(침산동),,35.89180582,128.5902638,침산3동
,미강노래광장,유흥주점영업,"대구광역시 북구 학정로 421(동천동,3층)",,35.94237567,128.5630877,동천동
,미라지,유흥주점영업,대구광역시 동구 동부로26길 55(신천동),,35.87107477,128.6282963,신천4동
,미미노래방,유흥주점영업,대구광역시 서구 국채보상로46길 71(평리동),,35.8645394,128.5571545,평리4동
,미인,유흥주점영업,대구광역시 수성구 동대구로74안길 19(범어동),,35.86545789,128.6282362,범어2동
,미인,유흥주점영업,대구광역시 달서구 달구벌대로 1830(지하1층 두류동),,35.85993177,128.5649662,두류1.2동
,미인촌,유흥주점영업,"대구광역시 달서구 와룡로 104(본리동,2층)",,35.84191743,128.5375647,본리동
,미팅,유흥주점영업,대구광역시 북구 경진로1길 3(복현동),,35.89606096,128.6140527,복현1동
,믹스클럽(MIX CLUB),유흥주점영업,"대구광역시 달서구 달구벌대로251안길 29(이곡동,지상3층)",,35.85330366,128.5054068,이곡2동
,민,유흥주점영업,"대구광역시 달서구 상화북로 196-14(상인동,지하1층)",,35.81252497,128.5475533,상인3동
,민트가요주점,유흥주점영업,대구광역시 북구 동북로50길 7(2층 복현동),,35.89470579,128.6174368,복현1동
,바나나3,유흥주점영업,대구광역시 달서구 한실로 91(도원동),,35.80702761,128.5366479,도원동
,바밤바,유흥주점영업,대구광역시 달서구 달구벌대로 1910(크리스탈호텔 지하1층 두류동),,35.86211923,128.5737043,두류1.2동
,바벨론,유흥주점영업,"대구광역시 동구 아양로 46(신암동, 지하1층)",,35.8818275,128.6191457,신암3동
,바비,유흥주점영업,"대구광역시 달서구 달구벌대로 1533(죽전동,지상2층)",,35.850165,128.5346375,죽전동
,바운스,유흥주점영업,대구광역시 동구 동부로22길 73(신천동),,35.87013184,128.6275167,신천4동
,바쿠스 라이브클럽,유흥주점영업,대구광역시 달서구 성서공단로15길 72(4층 호산동),,35.84156873,128.490637,신당동
,박카스,유흥주점영업,대구광역시 수성구 명덕로 417(수성동2가),,35.854678,128.6159172,수성2.3가동
,박카스,유흥주점영업,"대구광역시 중구 공평로8길 56(삼덕동2가, 지상2층)",,35.8662009,128.602917,삼덕동
,발리,유흥주점영업,대구광역시 수성구 수성로 267(수성동1가),,35.84941515,128.6126305,수성1가동
,발리가요주점,유흥주점영업,대구광역시 동구 동대구로85길 60(지하1층 신천동),,35.87555273,128.6247348,신천3동
,발리노래주점,유흥주점영업,"대구광역시 북구 칠성시장로5길 4(칠성동1가,외1필지)",,35.87565581,128.6042165,칠성동
,발리유흥주점,유흥주점영업,대구광역시 달서구 성서공단로 73(2층 호림동),,35.83525046,128.4906115,신당동
,발리유흥주점,유흥주점영업,대구광역시 달성군 화원읍 비슬로511길 24-6,,35.80362368,128.4964051,화원읍
,밤밤 노래주점,유흥주점영업,대구광역시 중구 국채보상로123길 15(2층 문화동),,35.87148631,128.597307,성내1동
,밤밤유흥노래방,유흥주점영업,대구광역시 중구 중앙대로81길 31(2층 종로2가),,35.86954207,128.591968,성내2동
,백만불,유흥주점영업,대구광역시 달성군 화원읍 사문진로 433(241-1.2),,35.80438238,128.4962373,화원읍
,백만불주점,유흥주점영업,"대구광역시 달서구 월배로 461(송현동,지하1층)",,35.83447038,128.5551192,송현2동
,백색라이브,유흥주점영업,대구광역시 서구 국채보상로 238(평리동),,35.87059573,128.5570512,평리4동
,백악관,유흥주점영업,대구광역시 달서구 성당로 151-5(성당동),,35.84803111,128.5681378,성당동
,백악관가요주점,유흥주점영업,대구광역시 달서구 달구벌대로251안길 5-6(2층 이곡동),,35.85310301,128.5058419,이곡2동
,백야,유흥주점영업,대구광역시 수성구 청수로 63(중동),,35.84091539,128.6151729,중동
,백프로,유흥주점영업,대구광역시 수성구 동대구로15길 23(두산동),,35.83758288,128.6221617,두산동
,백호,유흥주점영업,대구광역시 북구 구암로32길 6-16(구암동),,35.93128477,128.5563997,구암동
,버닝,유흥주점영업,대구광역시 수성구 동대구로 239(범어동),,35.85187472,128.6246431,범어1동
,버킹검,유흥주점영업,대구광역시 서구 서대구로 70-7(평리동),,35.86440534,128.5566236,평리4동
,벅시,유흥주점영업,"대구광역시 중구 종로 35(종로2가, 지상2층)",,35.86894737,128.5915212,성내2동
,벅시,유흥주점영업,"대구광역시 중구 공평로 23(삼덕동1가, 지하1층)",,35.86616902,128.5997186,삼덕동
,벙커(BUNKER),유흥주점영업,"대구광역시 중구 동성로3길 20(삼덕동1가, B102호)",,35.86623249,128.5977802,삼덕동
,베네치아가요방식주점,유흥주점영업,대구광역시 북구 호국로 239(지하1층 서변동),,35.92319901,128.599017,무태조야동
,베르사체,유흥주점영업,대구광역시 북구 동천로 130-5(동천동),,35.9432982,128.5614099,동천동
,베르사체,유흥주점영업,대구광역시 달서구 도원로 15(도원동),,35.80829454,128.5361415,도원동
,베르사체,유흥주점영업,대구광역시 동구 동부로26길 60(신천동),,35.87042365,128.6278077,신천4동
,베세토,유흥주점영업,대구광역시 수성구 달구벌대로 2401(범어동),,35.85976499,128.625278,범어3동
,베세토,유흥주점영업,대구광역시 수성구 동대구로 51(두산동),,35.83491503,128.623037,두산동
,베스트,유흥주점영업,대구광역시 수성구 동대구로 249(범어동),,35.85269757,128.6247617,범어1동
,베이(bay),유흥주점영업,"대구광역시 달서구 달서대로95길 13(호산동,지상5층)",,35.84179962,128.4901859,신당동
,베트남,유흥주점영업,대구광역시 동구 동대구로 462-3(신천동),,35.87203661,128.6264563,신천4동
,베트남다국적클럽,유흥주점영업,"대구광역시 달서구 이곡서로 8(이곡동,지상3층)",,35.85433309,128.5061007,이곡2동
,베트남클럽,유흥주점영업,"대구광역시 달서구 이곡서로 11(이곡동,지하1층)",,35.85386919,128.5058049,이곡2동
,베트남하노이 노래주점,유흥주점영업,대구광역시 동구 동부로26길 29(신천동),,35.87330722,128.6280194,신천4동
,베트맨,유흥주점영업,대구광역시 수성구 청수로 92(두산동),,35.84005527,128.6180243,두산동
,벤츠,유흥주점영업,대구광역시 달서구 이곡서로 12(이곡동),,35.85433758,128.5058148,이곡2동
,벤츠,유흥주점영업,대구광역시 북구 동천로 125-10(3층 동천동),,35.94321959,128.5596238,동천동
,벤츠,유흥주점영업,대구광역시 달성군 화원읍 사문진로 432(외1필지),,35.80410764,128.4957579,화원읍
,벤츠,유흥주점영업,대구광역시 수성구 달구벌대로 2367(수성동4가),,35.85974531,128.6218608,수성4가동
,벤츠,유흥주점영업,대구광역시 중구 중앙대로81길 48(지상2층 종로1가),,35.86972303,128.5910485,성내2동
,벤츠노래타운,유흥주점영업,"대구광역시 달서구 상인서로 20(상인동,지하1층)",,35.81276794,128.5462149,상인3동
,벤츠주점,유흥주점영업,대구광역시 달서구 성서공단로11길 44-15(2층 호림동),,35.83917088,128.4897539,신당동
,벤틀리,유흥주점영업,대구광역시 달서구 달구벌대로251안길 5-5(3층 이곡동),,35.85311743,128.5054032,이곡2동
,벤틀리,유흥주점영업,"대구광역시 달서구 성당로 151-5(성당동,지하1층)",,35.84803111,128.5681378,성당동
,별,유흥주점영업,대구광역시 남구 대명로 287(대명동),,35.84403342,128.5873246,대명5동
,별궁가요주점,유흥주점영업,"대구광역시 달서구 성서공단로11길 78(호산동,2층)",,35.84217496,128.488309,신당동
,별밤,유흥주점영업,"대구광역시 중구 중앙대로81길 55(장관동, 지상2층)",,35.86945139,128.5905686,성내2동
,별밤,유흥주점영업,대구광역시 수성구 지범로 171(지산동),,35.82211965,128.6386294,지산1동
,별밤,유흥주점영업,대구광역시 수성구 청수로 17(중동),,35.84118857,128.6100403,중동
,별별노래클럽,유흥주점영업,"대구광역시 북구 중앙대로 507(칠성동2가,,18,19,21,22,23,25)",,35.87840139,128.5950097,칠성동
,별이빛나는밤,유흥주점영업,"대구광역시 북구 동천로 138-24(동천동,2층)",,35.94313156,128.5626643,동천동
,보라(BORA),유흥주점영업,대구광역시 남구 두류공원로 118(대명동),,35.84663791,128.5676696,대명4동
,보물섬,유흥주점영업,"대구광역시 달서구 월배로 393(송현동,지하층)",,35.82981879,128.5503495,송현2동
,보물섬,유흥주점영업,대구광역시 달성군 현풍읍 테크노공원로 17(302호 밸류스퀘어 포),,35.69104675,128.4552271,현풍읍
,보물섬,유흥주점영업,"대구광역시 중구 태평로 117(태평로2가, 지하1층)",,35.87614055,128.5907271,성내2동
,보물섬,유흥주점영업,대구광역시 수성구 명덕로 437(수성동3가),,35.85442771,128.6180227,수성2.3가동
,보물섬,유흥주점영업,대구광역시 동구 동부로22길 75(지하1층 신천동),,35.86986182,128.6274066,신천4동
,보물섬주점,유흥주점영업,"대구광역시 달서구 와룡로 152(감삼동,지상2층)",,35.84631451,128.5375657,감삼동
,보보스 비지니스룸,유흥주점영업,대구광역시 달성군 현풍읍 테크노상업로2길 8-15(4층),,35.69001274,128.45407,현풍읍
,보스,유흥주점영업,"대구광역시 북구 유통단지로 80(지하2층 산격동, 외1필지)",,35.90699854,128.6112855,산격2동
,보스,유흥주점영업,대구광역시 북구 동북로 240(복현동),,35.89540381,128.6171828,복현1동
,보스,유흥주점영업,대구광역시 달서구 이곡서로 14(이곡동),,35.85434625,128.5055179,이곡2동
,보스,유흥주점영업,대구광역시 달서구 월배로 400(지하1층 송현동),,35.82988296,128.5512639,송현1동
,보스가요주점,유흥주점영업,"대구광역시 달서구 성서공단로15길 45(호림동,외1필지지상2층)",,35.83918137,128.4900418,신당동
,보스가요주점,유흥주점영업,"대구광역시 달서구 월배로22길 38(진천동,지상2층)",,35.81279673,128.5260538,진천동
,보스가요주점,유흥주점영업,대구광역시 달성군 현풍읍 현풍중앙로 98(외10필지),,35.69768383,128.443469,현풍읍
,보스가요주점,유흥주점영업,대구광역시 북구 옥산로 53(노원동1가),,35.88553171,128.5814554,노원동
,보스주점,유흥주점영업,"대구광역시 북구 동천로 128(동천동,지하1층)",,35.94302627,128.561095,동천동
,보스톤,유흥주점영업,대구광역시 수성구 청수로 126-42(두산동),,35.83796153,128.6216416,두산동
,보조개가요주점,유흥주점영업,대구광역시 달성군 화원읍 사문진로 442(지하1층),,35.80360748,128.4969458,화원읍
,봄봄이노래주점,유흥주점영업,대구광역시 서구 서대구로 113(2층 평리동),,35.86807586,128.5548664,평리4동
,부르네,유흥주점영업,대구광역시 북구 대현로 39(대현동),,35.8853337,128.6044387,대현동
,부밍노래주점,유흥주점영업,대구광역시 달서구 상화북로 195-7(상인동),,35.81412391,128.5459629,상인1동
,부성,유흥주점영업,대구광역시 달성군 화원읍 사문진로 440,,35.80382331,128.4964536,화원읍
,부엉이,유흥주점영업,대구광역시 달서구 성당로 149(성당동),,35.84785913,128.5678643,성당동
,부엉이(OWL),유흥주점영업,"대구광역시 수성구 청수로 123(황금동,,5)",,35.84039446,128.6215803,황금2동
,부엉이가요주점,유흥주점영업,대구광역시 달성군 현풍읍 현풍중앙로 106-1,,35.69819985,128.4426199,현풍읍
,부킹,유흥주점영업,대구광역시 북구 동북로 276(복현동),,35.89321897,128.6201804,복현1동
,부킹,유흥주점영업,대구광역시 수성구 청수로26길 14(지하1층 두산동),,35.83912499,128.6222831,두산동
,부킹,유흥주점영업,"대구광역시 달서구 성서공단로15길 32(호림동,지상1층)",,35.83795746,128.4907059,신당동
,부킹나이트회관,유흥주점영업,대구광역시 달서구 달구벌대로251길 25(이곡동),,35.85435589,128.5046264,이곡2동
,부킹주점,유흥주점영업,대구광역시 달서구 월배로 106(지하1층 진천동),,35.81424676,128.5261763,진천동
,불가리,유흥주점영업,대구광역시 수성구 동대구로 42(지산동),,35.83395776,128.6242029,두산동
,불가리노래주점,유흥주점영업,대구광역시 북구 동북로 258-1(복현동),,35.89424176,128.61873,복현1동
,불꽃,유흥주점영업,대구광역시 북구 팔달로 139(노원동3가),,35.88951943,128.5653567,노원동
,불새,유흥주점영업,대구광역시 달서구 월배로23길 21(지하1층 진천동),,,,진천동
,붐,유흥주점영업,대구광역시 중구 동성로4길 30(삼덕동1가),,35.86606538,128.5988666,삼덕동
,브라보,유흥주점영업,대구광역시 동구 동부로30길 63(신천동),,35.87141167,128.6290895,신천4동
,브리드(BREED),유흥주점영업,대구광역시 중구 동성로4길 37(삼덕동1가),,35.86646684,128.5986093,삼덕동
,브이(V)클럽,유흥주점영업,대구광역시 달서구 성서공단로11길 40(호림동),,35.83866138,128.4883131,신당동
,블라썸,유흥주점영업,대구광역시 중구 서성로 72(지하1층 서성로1가),,35.87284082,128.5877656,성내2동
,블랑,유흥주점영업,대구광역시 동구 동대구로 462-1(신천동),,35.87203639,128.6263063,신천4동
,블랙,유흥주점영업,대구광역시 달서구 와룡로 98(2층 본리동),,35.84141905,128.5374131,본리동
,블랙넘버원(Black NO.1),유흥주점영업,대구광역시 달성군 유가읍 테크노공원로 73(밸리타워 3층 302호),,35.69199869,128.4611316,유가읍
,블루,유흥주점영업,"대구광역시 달서구 와룡로 40(본동,지하1층)",,35.83614403,128.5371612,본동
,블루,유흥주점영업,대구광역시 중구 중앙대로 271(남산동),,35.85765702,128.5906851,남산1동
,블루가요주점,유흥주점영업,대구광역시 수성구 동대구로25길 36(2층 황금동),,35.84091657,128.622882,황금2동
,블루나이트,유흥주점영업,대구광역시 달서구 구마로 68(지하1층 본동),,35.83711361,128.5350937,본동
,블루밍,유흥주점영업,대구광역시 달서구 월배로 103(2층 진천동),,35.81458179,128.5256812,진천동
,비긴(Begin),유흥주점영업,대구광역시 수성구 동대구로25길 9-4(황금동),,35.84163127,128.6232887,황금2동
,비너스,유흥주점영업,대구광역시 동구 동부로30길 60-1(신천동),,35.87168802,128.6286266,신천4동
,비너스,유흥주점영업,대구광역시 동구 아양로 57-1(지하1층 신암동),,35.88260965,128.6203179,신암1동
,비너스,유흥주점영업,"대구광역시 수성구 청수로 11(중동,지하1층)",,35.84125393,128.6094128,중동
,비바주점,유흥주점영업,"대구광역시 달서구 달서대로95길 7(호산동,지상2층)",,35.84182315,128.4907372,신당동
,비비2(BEEBEE 2),유흥주점영업,대구광역시 중구 동성로4길 21(1층 삼덕동1가),,35.86582392,128.5984633,삼덕동
,비앤비,유흥주점영업,대구광역시 달서구 이곡서로 13(지하1층 이곡동),,35.85390625,128.505501,이곡2동
,비앤비(B&B),유흥주점영업,대구광역시 동구 동부로26길 49(신천동),,35.87132204,128.6280969,신천4동
,비엔나,유흥주점영업,대구광역시 동구 신암로 86(신암동),,35.87864516,128.6098732,신암2동
,비엠더블유(BMW)가요주점,유흥주점영업,대구광역시 달서구 구마로 114(2층 본동),,35.83691733,128.5401291,본동
,비전,유흥주점영업,대구광역시 동구 동부로30길 64(지하1층 신천동),,35.87130861,128.6287088,신천4동
,비즈니스(BUSINESS),유흥주점영업,"대구광역시 달서구 성서공단로15길 31(호림동,지상2층)",,35.83795122,128.4901483,신당동
,비지니스,유흥주점영업,대구광역시 서구 서대구로 98(평리동),,35.86659122,128.555903,평리4동
,비지니스 클럽,유흥주점영업,대구광역시 달성군 현풍읍 현풍중앙로 57,,35.69439383,128.4453339,현풍읍
,비지니스(business),유흥주점영업,대구광역시 수성구 동대구로25길 36(황금동),,35.84091657,128.622882,황금2동
,비지니스가요주점,유흥주점영업,대구광역시 동구 아양로 190(효목동),,35.88536017,128.6338861,효목1동
,비지니스클럽,유흥주점영업,대구광역시 달서구 달구벌대로251길 18(이곡동),,35.85366367,128.5052126,이곡2동
,비타민,유흥주점영업,대구광역시 동구 아양로 156(지하1층 신암동),,35.88538279,128.6301864,신암4동
,비트,유흥주점영업,대구광역시 서구 서대구로 120(평리동),,35.86869338,128.5556832,평리4동
,빅가요주점,유흥주점영업,대구광역시 달서구 성서공단로11길 70-10(1층 호산동),,35.84126249,128.4892223,신당동
,빅마마,유흥주점영업,대구광역시 서구 서대구로 58(내당동),,35.86315228,128.5565828,내당1동
,빅타운,유흥주점영업,대구광역시 서구 서대구로 46(내당동),,35.86192901,128.5568367,내당1동
,빅타운,유흥주점영업,대구광역시 달성군 현풍읍 현풍중앙로16길 2,,35.69671529,128.4445909,현풍읍
,빠라빠라,유흥주점영업,대구광역시 달서구 감삼남길 9(지하1층 감삼동),,35.84738187,128.5378869,감삼동
,빠라빠라,유흥주점영업,대구광역시 북구 경진로1길 29(복현동),,35.89580062,128.6164506,복현1동
,빠라빠라,유흥주점영업,대구광역시 서구 국채보상로 206(평리동),,35.86997002,128.5537281,평리4동
,빠라빠라,유흥주점영업,대구광역시 수성구 동대구로25길 36(황금동),,35.84091657,128.622882,황금2동
,뽕,유흥주점영업,대구광역시 서구 서대구로 285(비산동),,35.88342386,128.5559156,비산7동
,뽕,유흥주점영업,"대구광역시 달서구 달서대로91길 10(호산동,지상1층)",,35.83989444,128.4906675,신당동
,쁘띠프랑스,유흥주점영업,대구광역시 수성구 동대구로 121(황금동),,35.84111184,128.6234498,황금2동
,삐까뻔쩍,유흥주점영업,"대구광역시 달서구 대명천로 236(장기동,지상2층)",,35.84217235,128.5344717,장기동
,사모스가요주점,유흥주점영업,대구광역시 서구 국채보상로 313(평리동),,35.8722639,128.5652899,평리1동
,사오마이(SAOMAI),유흥주점영업,"대구광역시 달서구 이곡서로 80(이곡동,지하1층)",,35.85455878,128.5055798,이곡2동
,사오정 노래방식 주점,유흥주점영업,대구광역시 북구 동북로 232(복현동),,35.89597394,128.6166893,복현1동
,사이공(SAIGON),유흥주점영업,대구광역시 달서구 달서대로95길 7(지하1층 호산동),,35.84182315,128.4907372,신당동
,사자평,유흥주점영업,"대구광역시 중구 동덕로 173(동인동2가, 지하1층)",,35.87017538,128.6039096,동인동
,사차원가요주점,유흥주점영업,대구광역시 서구 서대구로 50(내당동),,35.8623762,128.5567293,내당1동
,사파이어,유흥주점영업,대구광역시 남구 현충로 148(대명동),,35.84604334,128.5804,대명5동
,산울림,유흥주점영업,대구광역시 서구 국채보상로46길 5(평리동),,35.87002755,128.5559459,평리4동
,삼일,유흥주점영업,대구광역시 달서구 월배로 450(송현동),,35.83348659,128.554729,송현1동
,상아,유흥주점영업,대구광역시 서구 국채보상로 225(평리동),,35.87086893,128.5557044,평리3동
,상하이,유흥주점영업,대구광역시 남구 대명로 19(대명동),,35.83840502,128.5597124,대명10동
,새가야회관,유흥주점영업,대구광역시 서구 달서로 95(비산동),,35.87076974,128.5708097,비산4동
,새궁전회관,유흥주점영업,대구광역시 서구 달서로 186-1(비산동),,35.87896517,128.5715701,비산2.3동
,색연필,유흥주점영업,대구광역시 수성구 청수로 103(황금동),,35.84062692,128.6195714,황금2동
,색종이,유흥주점영업,대구광역시 수성구 동대구로 239(범어동),,35.85187472,128.6246431,범어1동
,샘가요주점,유흥주점영업,대구광역시 서구 국채보상로48길 5(평리동),,35.8704448,128.5573492,평리4동
,샘터주점,유흥주점영업,대구광역시 서구 서대구로62길 99(비산동),,35.88903504,128.5652266,노원동
,샤방샤방,유흥주점영업,대구광역시 서구 국채보상로 246(평리동),,35.87070943,128.5578174,평리4동
,샤엔넬,유흥주점영업,대구광역시 동구 동부로30길 86(2층 신천동),,35.86930662,128.6288235,신천4동
,샤인,유흥주점영업,"대구광역시 달서구 달구벌대로 1692(두류동,지하1층)",,35.85505483,128.5511129,두류3동
,샤프주점,유흥주점영업,대구광역시 달서구 달구벌대로 1637(감삼동),,35.8535873,128.5451765,죽전동
,샴푸가요주점,유흥주점영업,대구광역시 동구 동부로30길 106(신천동),,35.86782051,128.629889,신천4동
,서문클럽,유흥주점영업,대구광역시 중구 달성공원로 2(대신동),,35.87076771,128.5797726,대신동
,서부회관,유흥주점영업,대구광역시 서구 달서로 262(원대동3가),,35.88508931,128.5740639,원대동
,서우,유흥주점영업,대구광역시 중구 중앙대로81길 18(동일동),,35.86987087,128.5926225,성내2동
,서우,유흥주점영업,"대구광역시 달서구 대명천로 228(장기동,지상2층)",,35.84218802,128.5354315,장기동
,서울라이브,유흥주점영업,대구광역시 서구 국채보상로 224(평리동),,35.87034021,128.5555667,평리4동
,석화노래주점,유흥주점영업,대구광역시 북구 팔달로 227(노원동2가),,35.88794955,128.5749841,노원동
,선,유흥주점영업,대구광역시 달서구 성서공단로15길 45(호림동),,35.83918137,128.4900418,신당동
,선영,유흥주점영업,대구광역시 서구 북비산로 397(비산동),,35.87881391,128.5766818,비산2.3동
,선영이,유흥주점영업,대구광역시 서구 서대구로 52(내당동),,35.86260677,128.5568227,내당1동
,선택,유흥주점영업,대구광역시 북구 대현로 39(대현동),,35.8853337,128.6044387,대현동
,설탕,유흥주점영업,대구광역시 달서구 성서공단로11길 38-13(2층 호림동),,35.83861051,128.4896397,신당동
,설탕,유흥주점영업,대구광역시 남구 봉덕로 55(봉덕동),,35.84513021,128.5967021,봉덕1동
,설탕유흥주점,유흥주점영업,대구광역시 동구 이노밸리로26길 19(A동 3층 301-1호 각산동),,35.87833451,128.7128896,안심4동
,설탕주점,유흥주점영업,대구광역시 달서구 성당로 163(성당동),,35.84852464,128.5689611,성당동
,성원,유흥주점영업,대구광역시 서구 서대구로 40(내당동),,35.86152606,128.5568685,내당1동
,성하주점,유흥주점영업,"대구광역시 달서구 성당로 163(성당동,지상1층)",,35.84852464,128.5689611,성당동
,세븐,유흥주점영업,대구광역시 서구 서대구로 20(내당동),,35.86032456,128.5572499,내당1동
,세븐,유흥주점영업,대구광역시 북구 칠성시장로7길 36(칠성동1가),,35.8759283,128.6021118,칠성동
,세븐,유흥주점영업,대구광역시 북구 동북로 236(복현동),,35.89564221,128.6170589,복현1동
,세븐,유흥주점영업,대구광역시 동구 동부로26길 36(2층 신천동),,35.87277387,128.6276843,신천4동
,세븐,유흥주점영업,대구광역시 남구 대명로 129-2(대명동),,35.83958843,128.5719912,대명10동
,세븐 비즈니스클럽,유흥주점영업,대구광역시 달성군 구지면 국가산단대로42길 5-39(301일부호),,35.65087156,128.4180619,구지면
,세븐가요주점,유흥주점영업,대구광역시 남구 봉덕로 35(지하1층 봉덕동),,35.8452563,128.5946654,봉덕1동
,세븐주점,유흥주점영업,대구광역시 동구 아양로 196(효목동),,35.88554298,128.6345579,효목1동
,세븐클럽,유흥주점영업,"대구광역시 달서구 달구벌대로251길 27(이곡동,2층)",,35.85457484,128.5046432,이곡2동
,세스,유흥주점영업,"대구광역시 달서구 성서공단로11길 10(호림동,지상2층)",,35.83593335,128.4883012,신당동
,세이,유흥주점영업,대구광역시 북구 경진로1길 43(복현동),,35.89482961,128.6176179,복현1동
,세이브,유흥주점영업,대구광역시 수성구 수성로 186(중동),,35.84200917,128.6126393,중동
,세컨드 비지니스 클럽,유흥주점영업,"대구광역시 달서구 달구벌대로251안길 28(이곡동,지상6층)",,35.85365613,128.5057994,이곡2동
,셀리,유흥주점영업,대구광역시 달서구 와룡로9길 8(본동),,35.83684338,128.5362762,본동
,셔츠,유흥주점영업,대구광역시 서구 평리로 290(내당동),,35.86312629,128.555201,내당4동
,소리터노래주점,유흥주점영업,대구광역시 중구 명륜로 20(남산동),,35.86450578,128.5886581,남산2동
,소소,유흥주점영업,대구광역시 남구 두류공원로 109(대명동),,35.84593905,128.5676024,대명4동
,소야,유흥주점영업,"대구광역시 수성구 동대구로25길 36(황금동, 4층)",,35.84091657,128.622882,황금2동
,소풍,유흥주점영업,대구광역시 달서구 월배로 110(2층 진천동),,35.81423657,128.526695,진천동
,소향,유흥주점영업,대구광역시 수성구 동대구로 45(두산동),,35.83440068,128.6230214,두산동
,솔로몬주점,유흥주점영업,대구광역시 서구 서대구로23길 3(지하1층 평리동),,35.86896063,128.5545162,평리4동
,솔로몬주점,유흥주점영업,"대구광역시 달서구 성서공단로15길 64(호산동,지상2층)",,35.84076954,128.4906624,신당동
,솜가요주점,유흥주점영업,대구광역시 북구 동천로 122(동천동),,35.94248166,128.5609888,동천동
,송대관노래타운,유흥주점영업,"대구광역시 달서구 이곡서로 7(이곡동,지상3층)",,35.85387476,128.506108,이곡2동
,송대관노래타운,유흥주점영업,"대구광역시 달서구 이곡서로 7(이곡동,지상3층)",,35.85387476,128.506108,이곡2동
,송학,유흥주점영업,대구광역시 남구 현충로 212(대명동),,35.85140632,128.5821206,대명3동
,송화주점,유흥주점영업,대구광역시 동구 신암남로23길 지하 73(신암동),,,,
,쇼걸,유흥주점영업,대구광역시 북구 오봉로 3(노원동2가),,35.88818495,128.5758748,노원동
,수,유흥주점영업,대구광역시 북구 대학로 142(복현동),,35.89624144,128.6140138,복현1동
,수가요방,유흥주점영업,대구광역시 수성구 상록로 10(지하1층 범어동),,35.86019112,128.6241739,범어3동
,수금주점,유흥주점영업,대구광역시 동구 둔산로 1(2층 방촌동),,35.88022681,128.6693301,방촌동
,수노래주점,유흥주점영업,대구광역시 북구 한강로8길 21-3(2층 201호 금호동),,35.89492379,128.5192052,관문동
,수성,유흥주점영업,대구광역시 동구 동부로22길 91-2(신천동),,35.86819991,128.6274485,신천4동
,수성주점,유흥주점영업,대구광역시 수성구 명덕로 452(수성동3가),,35.85386751,128.6195509,수성2.3가동
,순풍,유흥주점영업,"대구광역시 동구 신암남로 148(신암동,,지하1층)",,35.88250511,128.6310223,신암4동
,순풍,유흥주점영업,대구광역시 서구 팔달로 142(비산동),,35.88898346,128.5657138,노원동
,순풍,유흥주점영업,대구광역시 동구 동부로30길 9(신천동),,35.87624402,128.6292226,신천4동
,순풍,유흥주점영업,대구광역시 달서구 진천로 52(지하1층 진천동),,35.81336596,128.5246866,진천동
,순풍가요주점,유흥주점영업,"대구광역시 북구 동북로 218(복현동,번지외 1필지 400-8번지)",,35.89690822,128.6154724,복현1동
,술마시는노래벅스,유흥주점영업,대구광역시 북구 경진로1길 30(복현동),,35.89564147,128.6161835,복현1동
,술판,유흥주점영업,대구광역시 북구 동천로 136(동천동),,35.94363364,128.5611853,동천동
,쉐르빌,유흥주점영업,대구광역시 수성구 동대구로 70(지산동),,35.83646382,128.6243911,지산1동
,쉬리,유흥주점영업,"대구광역시 서구 서대구로 356(비산동,,9,10)",,35.88826769,128.5604168,비산7동
,슈가,유흥주점영업,대구광역시 남구 대명로 11(대명동),,35.83822537,128.5590215,대명10동
,슈가맨,유흥주점영업,대구광역시 중구 동성로4길 45-3(삼덕동1가),,35.86689008,128.5985229,삼덕동
,스마일,유흥주점영업,대구광역시 북구 유통단지로8길 21-23(산격동),,35.9046209,128.6088124,산격2동
,스마일,유흥주점영업,대구광역시 수성구 청수로 126-36(두산동),,35.83812759,128.6215968,두산동
,스카이,유흥주점영업,대구광역시 북구 동북로 274(복현동),,35.89333055,128.6200451,복현1동
,스카이가요주점,유흥주점영업,"대구광역시 달서구 성서공단로11길 70-15(호산동,2층)",,35.84159638,128.4898314,신당동
,스카이가요주점,유흥주점영업,"대구광역시 달서구 도원로 24(도원동,대방골든상가)",,35.80758305,128.5354588,도원동
,스타,유흥주점영업,대구광역시 동구 동부로22길 60(지하1층 신천동),,35.87132419,128.6266878,신천4동
,스타,유흥주점영업,대구광역시 달서구 달서대로95길 7(지하1층 호산동),,35.84182315,128.4907372,신당동
,스타,유흥주점영업,대구광역시 달서구 성서공단로11길 64-15(호산동),,35.84102584,128.4899059,신당동
,스타노래방식주점,유흥주점영업,대구광역시 북구 구암로32길 6-20(구암동),,35.93132201,128.5559881,구암동
,스타일,유흥주점영업,"대구광역시 북구 유통단지로8길 13-16(산격동,번지3층)",,35.90481394,128.608448,산격2동
,스타죤,유흥주점영업,대구광역시 동구 동부로30길 48(신천동),,35.87283652,128.6286068,신천4동
,스타킹,유흥주점영업,대구광역시 달서구 달구벌대로251안길 28(2층 이곡동),,35.85365613,128.5057994,이곡2동
,스토리가요주점,유흥주점영업,대구광역시 서구 달구벌대로 1771(내당동),,35.85866536,128.5587654,내당1동
,승희노래주점,유흥주점영업,대구광역시 북구 동북로50길 지하 7(복현동),,,,
,시드니,유흥주점영업,대구광역시 달서구 상화북로 191(상인동),,35.81360216,128.5461993,상인1동
,시드니주점,유흥주점영업,대구광역시 수성구 청수로24길 29(두산동),,35.83859557,128.6213682,두산동
,시마,유흥주점영업,대구광역시 수성구 동대구로 115(황금동),,35.84060619,128.6235314,황금2동
,시안,유흥주점영업,대구광역시 서구 서대구로 117(지하1층 평리동),,35.86836579,128.5548913,평리4동
,시애틀,유흥주점영업,대구광역시 동구 동부로30길 52-1(지하1층 신천동),,35.87240128,128.6286197,신천4동
,시카고,유흥주점영업,대구광역시 동구 효신로5길 111(신천동),,35.87556092,128.6292449,신천4동
,시크릿,유흥주점영업,대구광역시 남구 이천로 30(봉덕동),,35.84345938,128.5983633,봉덕3동
,시크릿,유흥주점영업,대구광역시 중구 동성로5길 63(삼덕동1가),,35.8674646,128.5981135,삼덕동
,시크릿노래방,유흥주점영업,대구광역시 달성군 유가읍 테크노상업로4길 18-12(만세타운 3층 302호),,35.6924202,128.459696,유가읍
,시티,유흥주점영업,대구광역시 달서구 용산로24길 87(2층 감삼동),,35.84927888,128.5351326,감삼동
,신대한가요주점,유흥주점영업,대구광역시 남구 대명로 38(대명동),,35.83841395,128.5618693,대명6동
,신라주점,유흥주점영업,대구광역시 동구 동부로30길 20(신천동),,35.87538793,128.6286649,신천4동
,신라회관,유흥주점영업,대구광역시 서구 북비산로 405(비산동),,35.87861353,128.5774749,비산2.3동
,신바람,유흥주점영업,대구광역시 동구 신암남로 173(지하1층 신암동),,35.88470878,128.6321874,신암4동
,신바람가요주점,유흥주점영업,대구광역시 군위군 군위읍 중앙5길 8-45,,36.23968911,128.5666934,군위읍
,신세계,유흥주점영업,대구광역시 서구 서대구로 108(평리동),,35.86753753,128.5557417,평리4동
,신세계,유흥주점영업,대구광역시 남구 이천로 27(지하1층 봉덕동),,35.84353498,128.5979233,봉덕3동
,신세계,유흥주점영업,대구광역시 북구 경진로1길 1(복현동),,35.89599433,128.613975,복현1동
,신세계,유흥주점영업,대구광역시 동구 장등로 20(신천동),,35.86904531,128.623664,신천3동
,신세계,유흥주점영업,대구광역시 동구 동부로26길 29(지하1층 신천동),,35.87330722,128.6280194,신천4동
,신세계가요주점,유흥주점영업,대구광역시 달서구 호산동로 90-16(1층 호산동),,35.84289837,128.4875119,신당동
,신천유흥주점,유흥주점영업,대구광역시 동구 동대구로83길 7(신천동),,,,
,신천지,유흥주점영업,대구광역시 남구 대덕로 139(봉덕동),,35.84119909,128.5982307,봉덕3동
,신천지,유흥주점영업,대구광역시 군위군 소보면 송원3길 35-6,,36.25638773,128.4793008,군위읍
,신태평양회관,유흥주점영업,대구광역시 동구 효목로 20-1(효목동),,35.87515253,128.6398779,효목2동
,신호등주점,유흥주점영업,대구광역시 북구 학정로 432(지하1층 구암동),,35.94324063,128.5640732,구암동
,심포니,유흥주점영업,대구광역시 북구 유통단지로 52-18(산격동),,35.90499966,128.6091539,산격2동
,심포니,유흥주점영업,대구광역시 달서구 달서대로95길 22(1층 호산동),,35.8421882,128.4893061,신당동
,심플가요방,유흥주점영업,대구광역시 달성군 현풍읍 테크노공원로 31(301호),,35.69184521,128.4562173,현풍읍
,심플주점,유흥주점영업,대구광역시 남구 성당로 136-1(대명동),,35.84722575,128.5676129,대명4동
,심해,유흥주점영업,대구광역시 중구 동성로6길 12-5(공평동),,35.86869325,128.5959557,성내1동
,싱가폴,유흥주점영업,대구광역시 남구 대명로 160-2(대명동),,35.83890065,128.5749653,대명9동
,싸이가요주점,유흥주점영업,대구광역시 북구 경진로1길 43(복현동),,35.89482961,128.6176179,복현1동
,쌍두리,유흥주점영업,대구광역시 달서구 두류공원로 128(성당동),,35.8475111,128.5668287,성당동
,쌍용회관,유흥주점영업,대구광역시 서구 달서로 32(내당동),,35.86488322,128.571433,내당2.3동
,썬,유흥주점영업,대구광역시 서구 달서로 251(비산동),,35.8846097,128.5731368,원대동
,썬 가요주점,유흥주점영업,대구광역시 달서구 성서공단로15길 45(호림동),,35.83918137,128.4900418,신당동
,썸,유흥주점영업,대구광역시 남구 대명로 7(2층 대명동),,35.83813264,128.558723,대명10동
,썸,유흥주점영업,대구광역시 달성군 현풍읍 테크노상업로2길 19(304호 미소빌딩),,35.69168455,128.4558729,현풍읍
,썸,유흥주점영업,대구광역시 동구 동부로30길 24(신천동),,35.87505106,128.6286667,신천4동
,썸(some) 가요방,유흥주점영업,대구광역시 달성군 현풍읍 현풍중앙로 106,,35.69809179,128.4427778,현풍읍
,썸싱,유흥주점영업,대구광역시 달서구 성서공단로15길 61(지하1층 호산동),,35.8406646,128.4900775,신당동
,썸주점,유흥주점영업,대구광역시 남구 대명로 7(대명동),,35.83813264,128.558723,대명10동
,쎄스마,유흥주점영업,대구광역시 달서구 달구벌대로251안길 29(2층 이곡동),,35.85330366,128.5054068,이곡2동
,쓰리엑스(3X),유흥주점영업,"대구광역시 수성구 동대구로 121(황금동,지상3층)",,35.84111184,128.6234498,황금2동
,씨티가요주점,유흥주점영업,"대구광역시 동구 동부로28길 23(신천동,,7)",,35.87394522,128.6285246,신천4동
,아너스,유흥주점영업,대구광역시 수성구 동대구로25길 33(황금동),,35.84108004,128.6232222,황금2동
,아도,유흥주점영업,대구광역시 북구 대현로 22(대현동),,35.88600627,128.6025524,대현동
,아라궁,유흥주점영업,대구광역시 서구 서대구로 51(내당동),,35.86258309,128.5560626,내당4동
,아레아,유흥주점영업,대구광역시 서구 국채보상로 224(평리동),,35.87034021,128.5555667,평리4동
,아리수,유흥주점영업,"대구광역시 동구 동부로30길 13(신천동,6)",,35.87589637,128.6291355,신천4동
,아리수,유흥주점영업,대구광역시 수성구 상록로 14(범어동),,35.86066635,128.6242556,범어3동
,아리수,유흥주점영업,대구광역시 수성구 동대구로 181(황금동),,35.84669307,128.6239562,황금2동
,아리아,유흥주점영업,대구광역시 동구 동부로22길 74(지하1층 신천동),,35.87002124,128.6269269,신천4동
,아마존,유흥주점영업,대구광역시 동구 동부로26길 38-1(지하1층 신천동),,35.87248652,128.6276826,신천4동
,아마존,유흥주점영업,"대구광역시 달서구 달구벌대로251안길 25(이곡동,지상2층)",,35.85329475,128.5058515,이곡2동
,아미가요주점,유흥주점영업,"대구광역시 북구 고성로 180(고성동2가,,59-1.2.3)",,35.88039571,128.5854007,고성동
,아미앙주점,유흥주점영업,"대구광역시 북구 동천로 128-15(동천동,지하1층)",,35.94286536,128.5624293,동천동
,아바,유흥주점영업,대구광역시 남구 두류공원로 5(대명동),,35.83946629,128.5756537,대명10동
,아바,유흥주점영업,대구광역시 중구 중앙대로81길 21(동일동),,35.8696284,128.5924843,성내2동
,아바노래주점,유흥주점영업,대구광역시 북구 동천로 128-6(4층 동천동),,35.94261369,128.5612788,동천동
,아바타,유흥주점영업,대구광역시 수성구 수성로 259(중동),,35.84865885,128.612756,중동
,아시아(ASIA) 노래클럽,유흥주점영업,대구광역시 달성군 구지면 국가산단대로42길 5-39(301일부호),,35.65087156,128.4180619,구지면
,아시아유흥주점,유흥주점영업,"대구광역시 달서구 달구벌대로251안길 29(이곡동,지하1층)",,35.85330366,128.5054068,이곡2동
,아시아유흥주점(HUONG VIET KARAOKE),유흥주점영업,대구광역시 달서구 달구벌대로251안길 25(이곡동),,35.85329475,128.5058515,이곡2동
,아우디,유흥주점영업,대구광역시 달서구 호산동로 84-15(호산동),,35.84276978,128.4877079,신당동
,아우디,유흥주점영업,대구광역시 중구 공평로8길 52(삼덕동2가),,35.8662517,128.6027838,삼덕동
,아우디가요주점,유흥주점영업,대구광역시 북구 동천로 126(동천동),,35.94266457,128.5610248,동천동
,아우디노래방,유흥주점영업,대구광역시 중구 종로 45-1(2층 종로1가),,35.8698465,128.5912383,성내2동
,아이리스,유흥주점영업,대구광역시 서구 달서로 2(내당동),,35.86258288,128.5721003,두류1.2동
,아이리스,유흥주점영업,대구광역시 동구 동촌로 231(방촌동),,35.88162254,128.6658414,해안동
,아이린,유흥주점영업,대구광역시 북구 동북로 258(복현동),,35.8942854,128.6186148,복현1동
,아이엔지(ING),유흥주점영업,대구광역시 달성군 화원읍 비슬로 2632,,35.80537953,128.5043738,화원읍
,아진노래타운,유흥주점영업,대구광역시 달서구 달구벌대로 1591(지하1층 죽전동),,35.85185264,128.5406603,죽전동
,아테네,유흥주점영업,대구광역시 수성구 동대구로 27(8층 두산동),,35.83269033,128.6228935,두산동
,아테네,유흥주점영업,대구광역시 수성구 수성로 265(수성동1가),,35.84916947,128.6128139,수성1가동
,아테네 가요방,유흥주점영업,대구광역시 달성군 현풍읍 현풍중앙로 62-1(143-3  142),,35.69490937,128.4454113,현풍읍
,아테네가요주점,유흥주점영업,대구광역시 서구 서대구로 135(지하1층 평리동),,35.86992532,128.5546336,평리4동
,아테네가요주점,유흥주점영업,대구광역시 남구 두류공원로 36(대명동),,35.84142908,128.5736873,대명1동
,아테네유흥주점,유흥주점영업,"대구광역시 동구 신암남로 183(신암동,,지하1층)",,35.88530849,128.6326644,신암4동
,아테네유흥주점,유흥주점영업,대구광역시 수성구 청수로25길 14(황금동),,35.84062647,128.6226371,황금2동
,아테네클럽,유흥주점영업,대구광역시 북구 동천로24길 17-13(동천동),,35.94218406,128.5617884,동천동
,아톰,유흥주점영업,"대구광역시 달서구 성서공단로11길 70-18(호산동,지상1층)",,35.84125098,128.4899324,신당동
,아파트(APT),유흥주점영업,대구광역시 수성구 청수로 126-42(두산동),,35.83796153,128.6216416,두산동
,아프리카,유흥주점영업,대구광역시 수성구 청수로 111(황금동),,35.84053014,128.6205339,황금2동
,알라딘,유흥주점영업,대구광역시 수성구 동대구로 51(두산동),,35.83491503,128.623037,두산동
,알라딘,유흥주점영업,"대구광역시 달서구 성서공단로15길 25(호림동,2층)",,35.83747614,128.4901697,신당동
,알마니,유흥주점영업,대구광역시 수성구 동대구로 60(지산동),,35.83554458,128.6244362,두산동
,압구정,유흥주점영업,대구광역시 북구 구암로32길 6-18(구암동),,35.9313022,128.5562028,구암동
,앗싸노래,유흥주점영업,대구광역시 서구 달서로 159(비산동),,35.87650073,128.5709836,비산6동
,앙코르가요주점,유흥주점영업,"대구광역시 달서구 달구벌대로307길 10(죽전동,지하1층)",,35.85042206,128.5346548,죽전동
,앞산주점,유흥주점영업,대구광역시 남구 대명로 205(대명동),,35.84035086,128.5794766,대명1동
,애쎄,유흥주점영업,"대구광역시 중구 명덕로 201(남산동, 지상2층)",,35.85703801,128.5923996,남산1동
,애인,유흥주점영업,대구광역시 달서구 상인서로 18-18(상인동),,35.81250463,128.5472224,상인3동
,애프터,유흥주점영업,대구광역시 동구 동부로26길 56(신천동),,35.87090026,128.6277279,신천4동
,애플,유흥주점영업,대구광역시 달서구 감삼길 15(지하1층 감삼동),,35.85011648,128.5387129,감삼동
,애플,유흥주점영업,"대구광역시 달서구 달서대로95길 13(호산동,지상2층)",,35.84179962,128.4901859,신당동
,애플,유흥주점영업,대구광역시 남구 두류공원로 43(대명동),,35.84148742,128.5726528,대명10동
,애플,유흥주점영업,대구광역시 북구 유통단지로8길 21-13(산격동),,35.90453945,128.6086362,산격2동
,애플,유흥주점영업,대구광역시 달서구 와룡로 90(지상3층 본리동),,35.8406248,128.5375656,본리동
,애플가요주점,유흥주점영업,대구광역시 북구 동북로 238(복현동),,35.89555036,128.6171474,복현1동
,앤,유흥주점영업,대구광역시 동구 동북로 430(2층 신암동),,35.88472501,128.633532,신암4동
,앤유흥주점,유흥주점영업,대구광역시 달성군 유가면 테크노상업로4길 18-16(3층 301호),,35.69242531,128.459156,유가읍
,앵콜,유흥주점영업,대구광역시 서구 서대구로 135(2층 평리동),,35.86992532,128.5546336,평리4동
,앵콜노래주점,유흥주점영업,대구광역시 동구 아양로 199(지하1층 신암동),,35.88609953,128.6346757,신암5동
,야!놀자,유흥주점영업,대구광역시 달서구 성당로 141(지하1층 성당동),,35.84753744,128.567262,성당동
,야간열차라이브,유흥주점영업,대구광역시 달서구 구마로 223(지하1층 성당동),,35.83733971,128.5523545,성당동
,야광주점,유흥주점영업,대구광역시 동구 동부로 39(신천동),,35.8746259,128.616776,신천1.2동
,야궁,유흥주점영업,"대구광역시 동구 동대구로85길 7(신천동,지하1층)",,35.87073381,128.6243475,신천3동
,야시,유흥주점영업,대구광역시 서구 서대구로 128(평리동),,35.86934225,128.5554713,평리4동
,야시,유흥주점영업,대구광역시 달서구 달구벌대로 1529(지하1층 죽전동),,35.85019659,128.5342598,죽전동
,야시,유흥주점영업,대구광역시 달서구 달구벌대로251길 14(이곡동),,35.853302,128.5051791,이곡2동
,야시유흥주점,유흥주점영업,대구광역시 북구 동북로50길 9(지하1층 복현동),,35.89461084,128.6172407,복현1동
,야시주점,유흥주점영업,대구광역시 달서구 성당로 159(1층 성당동),,35.84832658,128.5686913,성당동
,야호주점,유흥주점영업,"대구광역시 북구 대현로 116(대현동,,274-74)",,35.88177514,128.6114348,대현동
,야후,유흥주점영업,대구광역시 동구 동부로30길 35-1(신천동),,35.87384719,128.6290023,신천4동
,에그,유흥주점영업,대구광역시 중구 동성로4길 20-7(삼덕동1가),,35.86564584,128.5989853,삼덕동
,에덴주점,유흥주점영업,대구광역시 동구 팔공로30길 지하 8(1층 불로동),,,,
,에르메스,유흥주점영업,대구광역시 달성군 유가읍 테크노공원로 65(레이크시티 4층 405호),,35.69197217,128.4601093,유가읍
,에비앙,유흥주점영업,대구광역시 달서구 이곡서로 86(2층 이곡동),,35.85454315,128.5061083,이곡2동
,에비앙,유흥주점영업,"대구광역시 수성구 동대구로 123(황금동,외1)",,35.84128282,128.6236075,황금2동
,에스(S),유흥주점영업,대구광역시 수성구 동대구로25길 33(황금동),,35.84108004,128.6232222,황금2동
,에스(S)클럽,유흥주점영업,"대구광역시 달서구 성서공단로11길 44-12(호림동,지상2층)",,35.83886904,128.4893207,신당동
,에스비에스(SBS),유흥주점영업,"대구광역시 북구 구암로15길 9(읍내동,5층)",,35.93345637,128.5493004,읍내동
,에스비에스(SBS),유흥주점영업,대구광역시 수성구 청수로 101(황금동),,35.84048454,128.6192242,황금2동
,에스투,유흥주점영업,대구광역시 남구 대명로 234-2(대명동),,35.84111232,128.5823946,대명9동
,에쎄,유흥주점영업,대구광역시 동구 아양로8길 7(지하1층 신암동),,35.88140952,128.6191815,신암3동
,에어(AIR),유흥주점영업,대구광역시 중구 동성로4길 24(삼덕동1가),,35.86587753,128.5987348,삼덕동
,에이(A)리더스,유흥주점영업,대구광역시 동구 동부로26길 37(신천동),,35.87244021,128.6280475,신천4동
,에이노래방(A노래방),유흥주점영업,"대구광역시 중구 동성로2길 18-19(지하 1, 2층 삼덕동1가)",,35.8666772,128.5973402,삼덕동
,에이스,유흥주점영업,대구광역시 서구 서대구로 107(2층 평리동),,35.86756634,128.5549644,평리4동
,에이스,유흥주점영업,대구광역시 북구 대현로 60-1(대현동),,35.88391327,128.6059999,대현동
,에이스,유흥주점영업,대구광역시 달성군 유가읍 테크노상업로4길 17-9(유가타워 602호),,35.69243006,128.4618539,유가읍
,에이스,유흥주점영업,"대구광역시 달서구 성서공단로15길 72(호산동,지상3층)",,35.84156873,128.490637,신당동
,에이스 2,유흥주점영업,대구광역시 달서구 성서공단로15길 72(3층 호산동),,35.84156873,128.490637,신당동
,에이쓰리(A3),유흥주점영업,대구광역시 수성구 동대구로 47(두산동),,35.83458218,128.6229876,두산동
,에이원(A1),유흥주점영업,대구광역시 동구 동부로30길 74(지하1층 신천동),,35.8704568,128.6287792,신천4동
,에이유,유흥주점영업,"대구광역시 중구 동성로4길 61(삼덕동1가, 지상1층)",,35.86748291,128.5988772,삼덕동
,에이유(AU),유흥주점영업,대구광역시 수성구 달구벌대로 2501(범어동),,35.85916121,128.6363435,범어1동
,에이유룸호프,유흥주점영업,"대구광역시 서구 북비산로 360(비산동,,64-17,21. 65-3,6)",,35.87912406,128.572539,비산2.3동
,에이치,유흥주점영업,대구광역시 달서구 성서공단로15길 68(호산동),,35.84115026,128.4906423,신당동
,에이치,유흥주점영업,대구광역시 수성구 동대구로 115-5(황금동),,35.84059061,128.6231036,황금2동
,에이치(H),유흥주점영업,대구광역시 달서구 월배로 463(송현동),,35.83470668,128.5552637,송현2동
,에이치(H),유흥주점영업,대구광역시 중구 경상감영길 194(3층 동문동),,35.87180188,128.5979046,성내1동
,에이플러스,유흥주점영업,대구광역시 수성구 동대구로 43(두산동),,35.83422771,128.6229383,두산동
,에이플러스(A+),유흥주점영업,"대구광역시 수성구 동대구로 119(황금동,,8)",,35.84094472,128.6236203,황금2동
,에쿠스,유흥주점영업,대구광역시 서구 북비산로 303-1(평리동),,35.87973247,128.5665995,평리1동
,에쿠스,유흥주점영업,대구광역시 동구 동부로30길 57(신천동),,35.87194404,128.6290583,신천4동
,에쿠스,유흥주점영업,대구광역시 수성구 신매로19길 66(신매동),,35.83971761,128.7060551,고산1동
,에쿠스 가요주점,유흥주점영업,"대구광역시 북구 동북로 288(복현동,,5)",,35.89253864,128.6212532,복현1동
,에쿠스2,유흥주점영업,대구광역시 서구 달서로 288(2층 원대동3가),,35.88705777,128.5756918,원대동
,에쿠스가요주점,유흥주점영업,대구광역시 수성구 수성로 271(수성동1가),,35.8498182,128.6128818,중동
,에프엠,유흥주점영업,대구광역시 달서구 상인서로 18-24(상인동),,35.81287477,128.5468908,상인3동
,에프원,유흥주점영업,대구광역시 달서구 달구벌대로 1678(두류동),,35.85449927,128.5495417,두류3동
,엔돌핀,유흥주점영업,대구광역시 달서구 와룡로33길 7-2(지상2층 감삼동),,35.84667418,128.535796,감삼동
,엔돌핀,유흥주점영업,대구광역시 중구 종로 19(지하1층 종로2가),,35.8675813,128.5919178,성내2동
,엔젤,유흥주점영업,대구광역시 남구 현충로 236(대명동),,35.85370543,128.5835009,대명3동
,엔젤가요주점,유흥주점영업,대구광역시 북구 칠성로 108(칠성동2가),,35.87837419,128.6009887,칠성동
,엔조이,유흥주점영업,대구광역시 중구 명덕로 231(대봉동),,35.85666629,128.5955647,대봉2동
,엠.플로우,유흥주점영업,대구광역시 중구 태평로 53-10(태평로3가),,35.87759738,128.5843427,성내3동
,엠비씨(MBC),유흥주점영업,대구광역시 동구 동부로22길 61(신천동),,35.87108962,128.6273268,신천4동
,엠씨(MC)노래주점,유흥주점영업,대구광역시 서구 국채보상로46길 54(평리동),,35.86568396,128.556402,평리4동
,엠에스쏭(M.S.Song),유흥주점영업,"대구광역시 달서구 성서공단로15길 30(호림동,지상2층)",,35.83780539,128.4906368,신당동
,엠에스영,유흥주점영업,대구광역시 동구 아양로 31(지하1층 신암동),,35.88197142,128.6174066,신암3동
,엠티,유흥주점영업,"대구광역시 달서구 두류공원로50길 2(두류동,지하1층)",,35.85596404,128.5592397,두류1.2동
,엠티라이프 주점,유흥주점영업,대구광역시 중구 종로 37(종로2가),,35.86920701,128.5914796,성내2동
,엣지가요클럽,유흥주점영업,"대구광역시 북구 동천로 128-7(동천동,지하 1층)",,35.94295349,128.5617438,동천동
,여궁,유흥주점영업,대구광역시 달성군 유가읍 테크노공원로 51(5층 504호),,35.69196534,128.4587997,유가읍
,여성시대,유흥주점영업,"대구광역시 달서구 감삼남길 9(감삼동,지상2층)",,35.84738187,128.5378869,감삼동
,여왕벌노래주점,유흥주점영업,"대구광역시 동구 율하동로24길 9(신기동,9)",,35.86985086,128.703183,안심1동
,여우,유흥주점영업,대구광역시 북구 오봉로 1(노원동2가),,35.88805846,128.5757217,노원동
,여우,유흥주점영업,대구광역시 달서구 월배로22길 32(진천동),,35.81308163,128.5260149,진천동
,여우비,유흥주점영업,대구광역시 수성구 청수로 105-1(황금동),,35.84054758,128.6198551,황금2동
,연가요주점,유흥주점영업,대구광역시 달서구 구마로 221(성당동),,35.83745534,128.5521238,성당동
,연도,유흥주점영업,"대구광역시 달서구 성서공단로11길 12-18(호림동,지상2층)",,35.83596216,128.4899973,신당동
,연예인,유흥주점영업,대구광역시 동구 아양로10길 1-1(지상2층 신암동),,35.88214438,128.6206195,신암3동
,연예인,유흥주점영업,"대구광역시 동구 장등로 88(신천동,외 1필지)",,35.87521766,128.6236707,신천3동
,열린음악회,유흥주점영업,대구광역시 수성구 명덕로 411(수성동2가),,35.85468624,128.6150766,수성2.3가동
,영빈관가요주점,유흥주점영업,대구광역시 서구 서대구로11길 3(내당동),,35.86253917,128.5557873,내당4동
,영상가요주점,유흥주점영업,대구광역시 중구 달성공원로8길 30(대신동),,35.87330989,128.5816511,대신동
,영상노래궁전주점,유흥주점영업,대구광역시 서구 달서로 177-1(비산동),,35.8781546,128.5709701,비산6동
,영심이,유흥주점영업,대구광역시 수성구 수성로 210(중동),,35.8441279,128.6127693,중동
,예담,유흥주점영업,대구광역시 수성구 청수로26길 22(두산동),,35.83882919,128.6222461,두산동
,예성,유흥주점영업,대구광역시 동구 동부로30길 18(신천동),,35.87552263,128.6285939,신천4동
,예성유흥주점,유흥주점영업,대구광역시 북구 한강로6길 19-2(광장플라자 3층 302호 사수동),,35.89521453,128.5163295,관문동
,예송,유흥주점영업,대구광역시 달서구 와룡로 36(본동),,35.83580539,128.537251,본동
,예송,유흥주점영업,대구광역시 서구 국채보상로 235-1(평리동),,35.87103173,128.5567295,평리3동
,예스가요주점,유흥주점영업,대구광역시 북구 동북로 268(복현동),,35.89371663,128.6194751,복현1동
,예스주점,유흥주점영업,대구광역시 남구 대명로 5(대명동),,35.83809742,128.5585967,대명10동
,예원노래유흥주점,유흥주점영업,대구광역시 북구 한강로6길 19-2(3층 301일부호 사수동),,35.89521453,128.5163295,관문동
,예화가요방식주점,유흥주점영업,대구광역시 서구 서대구로 361(비산동),,35.88909572,128.5607105,비산7동
,오광다국적베트남노래클럽,유흥주점영업,대구광역시 서구 서대구로 47(내당동),,35.86226857,128.5559945,내당4동
,오닉스,유흥주점영업,대구광역시 중구 달구벌대로 2109-21(덕산동),,35.86630243,128.5938585,성내1동
,오렌지가요주점,유흥주점영업,대구광역시 북구 동북로 284(복현동),,35.89274667,128.6208757,복현1동
,오렌지주점,유흥주점영업,"대구광역시 북구 칠곡중앙대로 205(태전동,1호)",,35.91445354,128.5481896,태전2동
,오로라,유흥주점영업,"대구광역시 달서구 달구벌대로307길 9(죽전동,지하1층)",,35.85040859,128.5342629,죽전동
,오로라,유흥주점영업,대구광역시 달성군 유가읍 테크노상업로4길 17-9(유가타워 6층 601일부호),,35.69243006,128.4618539,유가읍
,오로라,유흥주점영업,대구광역시 북구 경진로1길 31(복현동),,35.89572204,128.6165313,복현1동
,오빠가요주점,유흥주점영업,"대구광역시 달서구 달서대로91길 17(호림동,지상3층)",,35.83935281,128.4897404,신당동
,오빠짱,유흥주점영업,대구광역시 달서구 성당로 157(성당동),,35.84828099,128.5685869,성당
,오색,유흥주점영업,대구광역시 북구 동천로 128-9(동천동),,35.94292476,128.5619575,동천동
,오션,유흥주점영업,대구광역시 동구 아양로 199(지하1층 신암동),,35.88609953,128.6346757,신암5동
,오션,유흥주점영업,대구광역시 중구 동성로4길 20-9(삼덕동1가),,35.86561413,128.5991338,삼덕동
,오션가요주점,유흥주점영업,대구광역시 북구 구암로 137(동천동),,35.93208293,128.5559185,동천동
,오아시스,유흥주점영업,대구광역시 달서구 도원로 18(지하1층 도원동),,35.80818218,128.5355332,도원동
,오아시스,유흥주점영업,대구광역시 남구 두류공원로 17-1(대명동),,35.83991816,128.5749429,대명10동
,오아시스주점,유흥주점영업,대구광역시 서구 서대구로 168(평리동),,35.87281325,128.5552452,평리3동
,오월,유흥주점영업,대구광역시 남구 이천로 21(봉덕동),,35.84318842,128.5978881,봉덕3동
,오제이,유흥주점영업,대구광역시 동구 동부로26길 19(신천동),,35.87422845,128.6280196,신천4동
,오케이,유흥주점영업,대구광역시 동구 화랑로 59(신천동),,35.87138992,128.6335104,신천4동
,오케이 유흥주점,유흥주점영업,대구광역시 북구 칠곡중앙대로 221(2층 태전동),,35.91573922,128.5481535,태전2동
,"오케이(O,K)",유흥주점영업,대구광역시 동구 동부로22길 41(신천동),,35.87300241,128.6270653,신천4동
,오크노래주점,유흥주점영업,대구광역시 수성구 동대구로80길 14(범어동),,35.86562031,128.6281336,범어2동
,오크없음,유흥주점영업,"대구광역시 중구 태평로 53-10(태평로3가, 지상3층)",,35.87759738,128.5843427,성내3동
,오투,유흥주점영업,대구광역시 수성구 청수로 98(두산동),,35.83997587,128.6189279,두산동
,오투(O2),유흥주점영업,대구광역시 동구 동부로28길 22(신천동),,35.87415904,128.6281936,신천4동
,오투(O₂),유흥주점영업,대구광역시 수성구 청수로26길 58(두산동),,,,두산동
,오페라,유흥주점영업,대구광역시 서구 서대구로 362(비산동),,35.88860801,128.56094,비산7동
,오페라,유흥주점영업,대구광역시 서구 달구벌대로 1791(내당동),,35.8592543,128.5605944,내당1동
,오페라 노래주점,유흥주점영업,대구광역시 달성군 현풍읍 테크노상업로2길 7-12(301호),,35.6927511,128.4564096,현풍읍
,오페라유흥주점,유흥주점영업,대구광역시 달성군 현풍읍 현풍중앙로 82,,35.696467,128.4447493,현풍읍
,오페라주점,유흥주점영업,대구광역시 서구 서대구로 182(평리동),,35.87421812,128.5551906,평리3동
,오페라주점,유흥주점영업,"대구광역시 달서구 달구벌대로251안길 30(이곡동,2층)",,35.85367189,128.505506,이곡2동
,옥수,유흥주점영업,대구광역시 수성구 동대구로 27(두산동),,35.83269033,128.6228935,두산동
,옥이주점,유흥주점영업,대구광역시 서구 평리로 292(내당동),,35.86315786,128.5553935,내당4동
,올래,유흥주점영업,대구광역시 북구 대학로 136(복현동),,35.89596371,128.6134433,산격3동
,올레멀티노래타운,유흥주점영업,대구광역시 달서구 달구벌대로 1595(죽전동),,35.85189491,128.5409059,죽전동
,올리브,유흥주점영업,대구광역시 서구 달서로 260(원대동3가),,35.8850014,128.5739847,원대동
,올인,유흥주점영업,대구광역시 서구 국채보상로 236(평리동),,35.87048554,128.5568901,평리4동
,올인,유흥주점영업,대구광역시 동구 동대구로85길 5-1(신천동),,35.87072781,128.6245782,신천3동
,올인,유흥주점영업,대구광역시 달성군 화원읍 비슬로511길 2(2층),,35.80309994,128.4959039,화원읍
,올인주점,유흥주점영업,대구광역시 남구 대명로 234-2(대명동),,35.84111232,128.5823946,대명9동
,와,유흥주점영업,"대구광역시 북구 동천로 125-3(동천동,2층)",,35.94275166,128.5602043,동천동
,와와,유흥주점영업,대구광역시 동구 동부로30길 86(4층 신천동),,35.86930662,128.6288235,신천4동
,와와,유흥주점영업,대구광역시 달서구 상화북로 177-3(지하1층 상인동),,35.81288469,128.5447606,상인1동
,와와가요주점,유흥주점영업,"대구광역시 달서구 월배로 462(송현동,지하1층)",,35.8342031,128.5554666,송현1동
,왕과비,유흥주점영업,대구광역시 달서구 성서공단로15길 71(호산동),,35.84161042,128.4901457,신당동
,왕과비주점,유흥주점영업,대구광역시 남구 봉덕로 17(봉덕동),,35.84551073,128.5925564,봉덕1동
,왕비,유흥주점영업,대구광역시 서구 북비산로 314(평리동),,35.87924576,128.5676281,평리1동
,우복금 노래주점,유흥주점영업,대구광역시 달서구 와룡로31길 12(B동 3층 감삼동),,35.84696931,128.5357958,감삼동
,우성,유흥주점영업,대구광역시 서구 달서로 286(원대동3가),,35.88687099,128.5755662,원대동
,우진,유흥주점영업,대구광역시 서구 국채보상로 238(평리동),,35.87059573,128.5570512,평리4동
,원궁노래,유흥주점영업,"대구광역시 북구 동천로 125-7(동천동,3층)",,35.94282637,128.5598015,동천동
,원더풀,유흥주점영업,대구광역시 달성군 화원읍 비슬로 2553(지하1층),,35.80311894,128.4961076,화원읍
,원더풀노래방식주점,유흥주점영업,대구광역시 북구 구암로 150(구암동),,35.93148363,128.5571169,구암동
,원천주점,유흥주점영업,대구광역시 남구 명덕로 120(대명동),,35.85611261,128.5833066,대명3동
,원투노래천국,유흥주점영업,대구광역시 중구 동성로4길 43(삼덕동1가),,35.86670631,128.5987618,삼덕동
,월드비지니스,유흥주점영업,"대구광역시 달서구 달구벌대로251길 27(이곡동,지하1층)",,35.85457484,128.5046432,이곡2동
,위너,유흥주점영업,"대구광역시 달서구 성당로 243(두류동,지하1층)",,35.85396652,128.5736375,두류1.2동
,위너,유흥주점영업,대구광역시 동구 동부로26길 25(신천동),,35.87350356,128.6280074,신천4동
,위드,유흥주점영업,대구광역시 달서구 성서공단로11길 70-13(2층 호산동),,35.84159981,128.489577,신당동
,윈즈,유흥주점영업,대구광역시 북구 대현로 57(대현동),,35.88439487,128.6060245,대현동
,윌노래방식주점,유흥주점영업,대구광역시 북구 동천로23길 30-9(동천동),,35.94332812,128.5572413,동천동
,윙크,유흥주점영업,대구광역시 달서구 성당로 149(성당동),,35.84785913,128.5678643,성당동
,유리,유흥주점영업,대구광역시 남구 성당로 144(대명동),,35.8476818,128.568457,대명4동
,유토피아,유흥주점영업,대구광역시 동구 동부로 25(신천동),,35.87425754,128.6153813,신천1.2동
,유흥J,유흥주점영업,"대구광역시 달서구 달구벌대로251안길 5-3(이곡동,지하1층)",,35.85292809,128.5054185,이곡2동
,은비,유흥주점영업,대구광역시 중구 태평로 280-1(1층 동인동3가),,35.87267959,128.6080454,동인동
,은하수,유흥주점영업,대구광역시 서구 북비산로 310(평리동),,35.87924981,128.5672418,평리1동
,은하수주점,유흥주점영업,대구광역시 서구 서대구로62길 99(비산동),,35.88903504,128.5652266,노원동
,이리,유흥주점영업,대구광역시 수성구 청수로26길 22(두산동),,35.83882919,128.6222461,두산동
,이브닝,유흥주점영업,대구광역시 수성구 청수로 67(중동),,35.84089002,128.6155649,중동
,이사칠(247),유흥주점영업,대구광역시 서구 서대구로 34(내당동),,35.86094496,128.55708,내당1동
,이수,유흥주점영업,대구광역시 달서구 와룡로 164(감삼동),,35.84728495,128.5375387,감삼동
,이화글로벌,유흥주점영업,대구광역시 수성구 동대구로 330(범어동),,35.85972754,128.6273453,범어2동
,인더가요주점,유흥주점영업,대구광역시 동구 동부로26길 56(신천동),,35.87090026,128.6277279,신천4동
,인스타(in star),유흥주점영업,"대구광역시 수성구 동대구로25길 25(황금동,850-10)",,35.84145053,128.6232198,황금2동
,인싸,유흥주점영업,대구광역시 북구 동천로24길 17-15(동천동),,35.94219771,128.5615499,동천동
,인터불고,유흥주점영업,대구광역시 동구 아양로 176-1(신암동),,35.8853584,128.6323864,신암4동
,일공일,유흥주점영업,대구광역시 수성구 동대구로 115(황금동),,35.84060619,128.6235314,황금2동
,일송라이브회관,유흥주점영업,대구광역시 동구 아양로34길 1(신암동),,35.88518443,128.6317211,신암4동
,자킴,유흥주점영업,대구광역시 달성군 현풍읍 비슬로130길 34,,35.69428696,128.4412603,현풍읍
,장녹수주점,유흥주점영업,대구광역시 중구 종로 37(종로2가),,35.86920701,128.5914796,성내2동
,장미,유흥주점영업,대구광역시 북구 대현로 25(대현동),,35.88603982,128.6031578,대현동
,장미주점,유흥주점영업,대구광역시 동구 동부로 204(지하1층 효목동),,35.87838634,128.6344252,효목2동
,재벌회관,유흥주점영업,대구광역시 북구 칠성남로38길 12(칠성동2가),,35.87570972,128.6003314,칠성동
,정군자 가요주점,유흥주점영업,대구광역시 동구 동촌로 230(방촌동),,35.88126336,128.6652494,방촌동
,정글노래주점,유흥주점영업,대구광역시 동구 아양로 292(지하1층 입석동),,35.89022442,128.6428214,동촌동
,정동,유흥주점영업,"대구광역시 수성구 동대구로 27(7층 두산동, 아리아나호텔)",,35.83269033,128.6228935,두산동
,정동가요주점,유흥주점영업,대구광역시 동구 동부로26길 58(지하1층 신천동),,35.87060069,128.6277238,신천4동
,정화가요주점,유흥주점영업,"대구광역시 달서구 달구벌대로251안길 17(이곡동,지하1층)",,35.85310866,128.506096,이곡2동
,제냐,유흥주점영업,"대구광역시 달서구 성서공단로15길 41(호림동,지상2층)",,35.83887438,128.4901692,신당동
,제네시스,유흥주점영업,대구광역시 달서구 성서공단로15길 33(2층 호림동),,35.83810805,128.4901609,신당동
,제네시스,유흥주점영업,대구광역시 북구 유통단지로8길 21-31(5층 산격동),,35.90468955,128.6093716,산격2동
,제니스,유흥주점영업,"대구광역시 달서구 달구벌대로251길 18(이곡동,지하1층)",,35.85366367,128.5052126,이곡2동
,제우스,유흥주점영업,대구광역시 남구 대명로 209(대명동),,35.84060299,128.5796552,대명1동
,제우스,유흥주점영업,"대구광역시 달서구 상화북로 180(상인동,지상4층)",,35.81250132,128.5456521,상인3동
,제우스,유흥주점영업,"대구광역시 북구 동천로 128-14(동천동,3층)",,35.94249307,128.5622651,동천동
,제우스,유흥주점영업,대구광역시 북구 팔달로 129(노원동3가),,35.88973067,128.5643457,노원동
,제우스,유흥주점영업,대구광역시 동구 팔공로47길 46(봉무동),,35.92017967,128.6357728,불로.봉무동
,제우스 노래방식주점,유흥주점영업,대구광역시 북구 유통단지로 52-20(산격동),,35.90480885,128.6092845,산격2동
,제우스가요주점,유흥주점영업,대구광역시 서구 달구벌대로 1789(내당동),,35.8592054,128.5604046,내당1동
,제우스가요주점,유흥주점영업,대구광역시 달성군 화원읍 사문진로 446,,35.80352345,128.4971083,화원읍
,제우스가요주점,유흥주점영업,대구광역시 중구 달구벌대로 2143(삼덕동1가),,35.86494646,128.5982072,삼덕동
,제우스유흥주점,유흥주점영업,대구광역시 북구 동북로 258-1(복현동),,35.89424176,128.61873,복현1동
,제우스주점,유흥주점영업,대구광역시 달서구 달구벌대로251안길 30(이곡동),,35.85367189,128.505506,이곡2동
,제우스주점,유흥주점영업,대구광역시 서구 옥산로 38(원대동2가),,35.8856522,128.5800166,원대동
,제이에스(JS)가요주점,유흥주점영업,"대구광역시 달서구 성서공단로 65(호림동,지상2층)",,35.83525059,128.4897948,신당동
,제이엔제이클럽,유흥주점영업,대구광역시 달서구 두류공원로 254(두류동),,35.85626745,128.5590943,두류1.2동
,제이케이(J.K),유흥주점영업,대구광역시 달서구 월배로 467(송현동),,35.83498003,128.5554281,송현2동
,젤,유흥주점영업,"대구광역시 달서구 성서공단로15길 60(호산동,지상2층)",,35.84051601,128.4906065,신당동
,젤가요주점,유흥주점영업,대구광역시 달서구 와룡로 49(지하1층 본동),,35.83703777,128.5365291,본동
,젤로,유흥주점영업,대구광역시 서구 서대구로 51(내당동),,35.86258309,128.5560626,내당4동
,조이,유흥주점영업,"대구광역시 달서구 이곡서로 80(이곡동,지하1층)",,35.85455878,128.5055798,이곡2동
,조이유흥주점,유흥주점영업,대구광역시 남구 대명로 310(대명동),,35.84476488,128.5897853,대명5동
,조이풀 가요주점,유흥주점영업,대구광역시 북구 칠곡중앙대로 223(태전동),,35.91587564,128.5481825,태전2동
,종로,유흥주점영업,대구광역시 중구 종로 46-2(종로1가),,35.87000227,128.5914928,성내2동
,주량주점,유흥주점영업,대구광역시 서구 달서로 274(원대동3가),,35.88608542,128.5748965,원대동
,주연,유흥주점영업,대구광역시 북구 경진로1길 41(복현동),,35.89507174,128.6173506,복현1동
,주홍,유흥주점영업,"대구광역시 달서구 두류공원로 262(두류동,지하1층)",,35.8568267,128.5585465,두류1.2동
,준코뮤직타운 대구성서점1,유흥주점영업,"대구광역시 달서구 이곡서로 7(이곡동,지상4층)",,35.85387476,128.506108,이곡2동
,준코뮤직타운 대구현풍점,유흥주점영업,"대구광역시 달성군 유가읍 테크노상업로4길 17-5(4층 401,402호)",,35.69244955,128.4615477,유가읍
,준코뮤직타운 동성로점,유흥주점영업,대구광역시 중구 동성로5길 80(삼덕동1가),,35.86702183,128.5987871,삼덕동
,준코뮤직타운대구동천점,유흥주점영업,"대구광역시 북구 동천로 138-8(동천동,3층)",,35.94360033,128.561861,동천동
,준코뮤직타운동성로3호점,유흥주점영업,대구광역시 중구 동성로4길 28-7(삼덕동1가),,35.8660276,128.5990504,삼덕동
,줄리엣,유흥주점영업,대구광역시 달서구 와룡로 90(지상2층 본리동),,35.8406248,128.5375656,본리동
,쥬얼리,유흥주점영업,대구광역시 달서구 두류공원로 244-1(두류동),,35.85556628,128.5595728,두류1.2동
,쥴리엣주점,유흥주점영업,대구광역시 서구 달서로 144-2(비산동),,35.87506871,128.5713977,비산2.3동
,지2(G2),유흥주점영업,대구광역시 달서구 와룡로 92(본리동),,35.84079288,128.5373952,본리동
,지능,유흥주점영업,대구광역시 중구 동성로3길 32-16(1층 삼덕동1가),,35.86619243,128.598129,삼덕동
,지오,유흥주점영업,대구광역시 남구 대명로 21(대명동),,35.83850404,128.5598315,대명10동
,지중해,유흥주점영업,대구광역시 달서구 두류공원로 132(성당동),,35.84773624,128.5666331,성당동
,지중해,유흥주점영업,"대구광역시 달서구 달구벌대로251안길 3(이곡동,지상2층)",,35.85273899,128.5053926,이곡2동
,지중해가요주점,유흥주점영업,"대구광역시 달서구 달구벌대로 1531(죽전동,지상3층)",,35.85016267,128.53451,죽전동
,진,유흥주점영업,대구광역시 서구 서대구로 78(평리동),,35.86491706,128.5562578,평리4동
,진 가요주점,유흥주점영업,대구광역시 동구 팔공로 153(지하2층 불로동),,35.9124294,128.6407977,불로봉무동
,진가요주점,유흥주점영업,"대구광역시 달서구 대명천로 220(본리동,2층)",,35.84220335,128.5361921,본리동
,진노래유흥주점,유흥주점영업,대구광역시 서구 달서로 266-2(원대동3가),,35.8855504,128.5744296,원대동
,진주,유흥주점영업,대구광역시 중구 태평로 지하 266(1층 동인동3가),,,,동인동
,진주점,유흥주점영업,대구광역시 동구 동부로26길 58(지하1층 신천동),,35.87060069,128.6277238,신천4동
,진행주점,유흥주점영업,"대구광역시 달서구 성당로 151-5(성당동,지상1층)",,35.84803111,128.5681378,성당동
,짝,유흥주점영업,대구광역시 달서구 진천로10길 31(지하1층 진천동),,35.81277989,128.5259466,진천동
,짱 노래타운,유흥주점영업,"대구광역시 달성군 유가읍 테크노공원로 73(5층 501,502호)",,35.69199869,128.4611316,유가읍
,짱유흥주점,유흥주점영업,대구광역시 달성군 현풍읍 테크노상업로2길 15-7(3층 304호),,35.69238972,128.4565213,현풍읍
,짱짱,유흥주점영업,대구광역시 동구 동부로22길 47(2층 신천동),,35.87241838,128.6271252,신천4동
,찐찐노래주점,유흥주점영업,대구광역시 달서구 상인서로 8-5(지하1층 상인동),,35.81225473,128.5470977,상인3동
,차도남,유흥주점영업,대구광역시 달서구 와룡로 98(본리동),,35.84141905,128.5374131,본리동
,차차차,유흥주점영업,대구광역시 동구 신암남로 175(신암동),,35.88484637,128.6322609,신암4동
,천사가요주점,유흥주점영업,"대구광역시 달서구 성서공단로11길 70-14(호산동,지상2층)",,35.8412471,128.4895841,신당동
,천사가요주점,유흥주점영업,대구광역시 서구 서대구로18길 6(평리동),,35.86538354,128.5564977,평리4동
,천일,유흥주점영업,대구광역시 수성구 청수로26길 8(두산동),,35.83944395,128.622246,두산동
,천지노래방식주점,유흥주점영업,대구광역시 달성군 현풍읍 현풍중앙로21길 2(418-3 419),,35.6980504,128.4422235,현풍읍
,천풍유흥주점,유흥주점영업,대구광역시 달성군 현풍읍 현풍중앙로 89-1,,35.69697512,128.4436505,현풍읍
,첫사랑,유흥주점영업,대구광역시 중구 경상감영길 101(포정동),,35.87236924,128.5931082,성내2동
,청담,유흥주점영업,대구광역시 수성구 동대구로 55(지하1층 두산동),,35.83525267,128.6230779,두산동
,청담,유흥주점영업,대구광역시 수성구 명덕로 441(수성동3가),,35.85445729,128.6183287,수성2.3가동
,청록,유흥주점영업,대구광역시 수성구 동대구로 379(범어동),,35.86424999,128.6263081,범어3동
,청록노래방식주점,유흥주점영업,대구광역시 북구 성북로 66(침산동),,35.89191299,128.590684,산격1동
,청록수,유흥주점영업,대구광역시 달서구 월배로 104(진천동),,35.81422669,128.5259619,진천동
,청용회관,유흥주점영업,대구광역시 북구 칠성시장로 41(칠성동1가),,35.87755887,128.6029791,칠성동
,청춘노래주점,유흥주점영업,대구광역시 북구 동북로 286(복현동),,35.89265015,128.6210032,복현1동
,체어맨,유흥주점영업,대구광역시 서구 서대구로 363(비산동),,35.8892198,128.5608082,비산7동
,체어맨,유흥주점영업,대구광역시 서구 서대구로 56(내당동),,35.86300628,128.5566118,내당1동
,체인지,유흥주점영업,대구광역시 동구 동부로28길 47(지하1층 신천동),,35.87187077,128.6284871,신천4동
,초록노래세상,유흥주점영업,대구광역시 서구 국채보상로46길 68(평리동),,35.86442761,128.5567408,평리4동
,초심,유흥주점영업,대구광역시 동구 아양로 74(지하1층 신암동),,35.8826589,128.6222031,신암3동
,초원,유흥주점영업,대구광역시 서구 서대구로 370(비산동),,35.88884793,128.5616301,비산7동
,초원가요주점,유흥주점영업,대구광역시 동구 반야월로 138(지하1층 신기동),,35.87271316,128.7034272,안심1동
,초이스,유흥주점영업,대구광역시 달서구 도원로동길 6(도원동),,35.80759462,128.5364081,도원동
,초이스,유흥주점영업,대구광역시 남구 대명로 18(대명동),,35.83778792,128.5595932,대명11동
,초이스,유흥주점영업,대구광역시 북구 경진로1길 10(지하동 1층 복현동),,35.89640512,128.614889,복현1동
,초이스,유흥주점영업,대구광역시 동구 신암로 96(지하1층 신암동),,35.87931204,128.610543,신암2동
,초이스,유흥주점영업,대구광역시 서구 달구벌대로 1805(내당동),,35.85981251,128.5621862,내당1동
,초이스,유흥주점영업,대구광역시 동구 동부로26길 지하 49-1(신천동),,,,
,초콜릿,유흥주점영업,대구광역시 남구 봉덕로 19(봉덕동),,35.84553446,128.5927175,봉덕1동
,초콜릿,유흥주점영업,대구광역시 중구 대봉로 243(대봉동),,35.86024481,128.6006659,대봉2동
,축제,유흥주점영업,대구광역시 동구 동북로 429(1층 효목동),,35.88502486,128.6339853,효목1동
,축제노래마당주점,유흥주점영업,대구광역시 동구 동부로22길 63(신천동),,35.87092858,128.6273209,신천4동
,치즈노래주점,유흥주점영업,대구광역시 수성구 용학로 293-5(3층 지산동),,35.82186034,128.6394993,지산1동
,치치,유흥주점영업,대구광역시 중구 종로 47-2(지상2층 종로1가),,35.87008791,128.591137,성내2동
,카네기,유흥주점영업,대구광역시 동구 동부로30길 70(지하1층 신천동),,35.87088682,128.6286595,신천4동
,카네기가요주점,유흥주점영업,대구광역시 북구 칠곡중앙대로 435(관음동),,35.93463607,128.5483281,관음동
,카네기노래방식주점,유흥주점영업,대구광역시 북구 구암로 139(동천동),,35.93206443,128.5561228,동천동
,카네기주점,유흥주점영업,대구광역시 동구 동북로 431(지하1층 효목동),,35.88490936,128.6341032,효목1동
,카니발,유흥주점영업,대구광역시 달서구 달서대로91길 9(호림동),,35.83945403,128.4907272,신당동
,카니발,유흥주점영업,대구광역시 북구 구암로 140(구암동),,35.93157573,128.5560262,구암동
,카리스마,유흥주점영업,대구광역시 동구 동부로30길 55-1(신천동),,35.87206253,128.6290386,신천4동
,카오스노래방식주점,유흥주점영업,대구광역시 북구 칠곡중앙대로 218(태전동),,35.91542572,128.5486978,태전2동
,카이,유흥주점영업,대구광역시 서구 서대구로 149(평리동),,35.87136434,128.5546569,평리5동
,카카오,유흥주점영업,대구광역시 중구 공평로8길 26(삼덕동2가),,35.86652921,128.6012806,삼덕동
,칸,유흥주점영업,대구광역시 달서구 이곡서로 13(지하1층 이곡동),,35.85390625,128.505501,이곡2동
,칸유흥주점,유흥주점영업,대구광역시 동구 동부로30길 30(지하1층 신천동),,35.87432489,128.6286099,신천4동
,칸유흥주점,유흥주점영업,대구광역시 동구 신암남로 182(2층 신암동),,35.88501566,128.6329991,신암4동
,칼라,유흥주점영업,대구광역시 달서구 월배로 465(송현동),,35.83486342,128.5553309,송현2동
,칼라,유흥주점영업,대구광역시 남구 성당로 186(대명동),,35.84984409,128.5719198,대명4동
,칼라,유흥주점영업,대구광역시 남구 성당로 8(대명동),,35.83869384,128.5586083,대명10동
,칼라 주점,유흥주점영업,"대구광역시 북구 대현로 116(대현동, 외1필지)",,35.88177514,128.6114348,대현동
,칼라가요주점,유흥주점영업,대구광역시 북구 대학로 138(복현동),,35.89602591,128.6136702,복현1동
,캉캉가요주점,유흥주점영업,대구광역시 동구 동북로 432(지하1층 신암동),,35.88456533,128.6337369,신암4동
,캐슬,유흥주점영업,대구광역시 달서구 달구벌대로 1600(감삼동),,35.85153027,128.5417658,감삼동
,캐슬,유흥주점영업,대구광역시 북구 칠성시장로7길 23(칠성동1가),,35.87578807,128.6028281,칠성동
,캐슬유흥주점,유흥주점영업,대구광역시 달성군 화원읍 비슬로511길 24-6,,35.80362368,128.4964051,화원읍
,캐슬주점,유흥주점영업,대구광역시 달성군 현풍읍 현풍중앙로 지하 56-1,,,,현풍읍
,캔디,유흥주점영업,대구광역시 북구 팔달로 201-2(노원동2가),,35.88837013,128.5723971,노원동
,캘리포니아,유흥주점영업,대구광역시 동구 동부로30길 40(신천동),,35.87348735,128.6285917,신천4동
,캡틴,유흥주점영업,대구광역시 수성구 청수로 92(두산동),,35.84005527,128.6180243,두산동
,커플라이브,유흥주점영업,"대구광역시 북구 유통단지로8길 21-19(산격동,지하)",,35.90447212,128.6089195,산격2동
,케이투(K2),유흥주점영업,대구광역시 동구 아양로 331-1(입석동),,35.89376946,128.6440932,지저동
,케이투가요주점,유흥주점영업,대구광역시 수성구 달구벌대로 2364(수성동3가),,35.85906242,128.6211134,수성2·3가동
,코끼리,유흥주점영업,대구광역시 서구 달서로 286-1(원대동3가),,35.88696427,128.5756068,원대동
,코드원,유흥주점영업,대구광역시 동구 동부로22길 56(신천동),,35.87154149,128.6266719,신천4동
,코리아나,유흥주점영업,대구광역시 동구 동부로30길 100-6(지하1층 신천동),,,,
,코리아회관,유흥주점영업,대구광역시 서구 달서로 12(내당동),,35.86319345,128.571952,내당2.3동
,코코,유흥주점영업,대구광역시 달성군 논공읍 금포로 7-1(2층),,35.77439396,128.4226974,논공읍
,코코7090라이브,유흥주점영업,대구광역시 달서구 대명천로 228(장기동),,35.84218802,128.5354315,장기동
,코코노래클럽주점,유흥주점영업,대구광역시 북구 경진로1길 35-1(지하1층 복현동),,35.89540875,128.616923,복현1동
,콘서트7080,유흥주점영업,대구광역시 북구 칠성시장로 19(칠성동1가),,35.87571938,128.6040649,칠성동
,콜,유흥주점영업,대구광역시 수성구 상록로 20(범어동),,35.86122052,128.6242184,범어3동
,쿠바 노래방,유흥주점영업,대구광역시 중구 국채보상로123길 20-3(2층 문화동),,35.87165047,128.5978649,성내1동
,쿨,유흥주점영업,대구광역시 북구 경진로1길 6-1(복현동),,35.89607084,128.6144835,복현1동
,쿨노래천국,유흥주점영업,대구광역시 북구 동천로 128-17(동천동),,35.94284135,128.5626471,동천동
,퀸,유흥주점영업,대구광역시 서구 서대구로 6(내당동),,35.85877014,128.5578225,내당1동
,퀸,유흥주점영업,대구광역시 동구 동부로22길 62(지하1층 신천동),,35.87118037,128.6267078,신천4동
,퀸,유흥주점영업,대구광역시 수성구 상록로 8(범어동),,35.86001068,128.6241827,범어3동
,퀸가요주점,유흥주점영업,대구광역시 서구 서대구로 70(평리동),,35.86412485,128.5563909,평리4동
,퀸가요주점,유흥주점영업,대구광역시 남구 대명로 13(대명동),,35.83827012,128.5592192,대명10동
,퀸노래주점,유흥주점영업,대구광역시 북구 대학로 140(1층 복현동),,35.89613832,128.6137545,복현1동
,퀸주점,유흥주점영업,대구광역시 동구 이노밸리로26길 23(3층 302-3호 각산동),,35.87833322,128.7133024,안심4동
,퀸하우스2,유흥주점영업,대구광역시 북구 대현로 지하 57(대현동),,,,대현동
,큐,유흥주점영업,대구광역시 달서구 대명천로 240(2층 장기동),,35.84218074,128.5342099,장기동
,큐,유흥주점영업,대구광역시 남구 명덕로 216(대명동),,,,
,큐,유흥주점영업,대구광역시 수성구 청수로26길 20(두산동),,35.83892568,128.622261,두산동
,큐,유흥주점영업,대구광역시 중구 중앙대로81길 91(남성로),,35.86935707,128.5885847,성내2동
,큐,유흥주점영업,대구광역시 동구 동촌로 217(방촌동),,35.88225866,128.6642281,방촌동
,큐,유흥주점영업,대구광역시 동구 동부로 6(지하1층 신천동),,35.87371877,128.6133613,신천1.2동
,큐 가요주점,유흥주점영업,대구광역시 서구 국채보상로 229(2층 평리동),,35.87086993,128.5560303,평리3동
,큐(Q) 노래방식주점,유흥주점영업,대구광역시 북구 경진로1길 8(2층 복현동),,35.89621603,128.6146905,복현1동
,큐가요주점,유흥주점영업,대구광역시 북구 경대로 145(복현동),,35.89201899,128.6211972,복현1동
,큐브,유흥주점영업,대구광역시 동구 동대구로 462-3(지하1층 신천동),,35.87203661,128.6264563,신천4동
,큐피트,유흥주점영업,대구광역시 동구 동부로30길 60(신천동),,35.87187069,128.6286191,신천4동
,크로바노래노래주점,유흥주점영업,대구광역시 동구 신암남로 160(3층 신암동),,35.88339172,128.6317265,신암4동
,크리스탈가요주점,유흥주점영업,대구광역시 남구 이천로 23(봉덕동),,35.8433126,128.5978952,봉덕3동
,클래스,유흥주점영업,대구광역시 수성구 동대구로25길 33(2층 황금동),,35.84108004,128.6232222,황금2동
,키스,유흥주점영업,대구광역시 동구 아양로 170(신암동),,35.88529644,128.6317141,신암4동
,키스,유흥주점영업,대구광역시 달서구 상인서로 19(지하1층 상인동),,35.81256456,128.5459272,상인3동
,키스노래광장,유흥주점영업,대구광역시 북구 동천로 125-8(동천동),,35.94318758,128.5598753,동천동
,키스투노래주점,유흥주점영업,대구광역시 북구 경진로1길 48(복현동),,35.89460406,128.6175769,복현1동
,킹,유흥주점영업,대구광역시 북구 대학로 140(1층 복현동),,35.89613832,128.6137545,복현1동
,킹,유흥주점영업,대구광역시 군위군 군위읍 중앙5길 14,,36.23899391,128.5663637,군위읍
,킹 유흥주점,유흥주점영업,"대구광역시 달서구 달서대로95길 7(호산동,지상3층)",,35.84182315,128.4907372,신당동
,킹(KING),유흥주점영업,대구광역시 남구 삼정길 86-2(봉덕동),,35.83988375,128.5933473,봉덕3동
,킹노래,유흥주점영업,대구광역시 동구 이노밸리로 321(4층 503-1호 신서동),,35.87815189,128.7321735,안심3동
,킹카노래타운,유흥주점영업,대구광역시 달성군 유가읍 테크노공원로 51(7층 701호 봉리타워613),,35.69196534,128.4587997,유가읍
,타운,유흥주점영업,"대구광역시 중구 중앙대로81길 43(장관동, 지상2층)",,35.86952773,128.5912957,성내2동
,타임유흥주점,유흥주점영업,대구광역시 달성군 유가읍 테크노공원로 51(4층 405호),,35.69196534,128.4587997,유가읍
,타히티,유흥주점영업,대구광역시 수성구 청수로 125(황금동),,35.84033422,128.6218434,황금2동
,탈렌트,유흥주점영업,대구광역시 동구 아양로 238(지하1층 효목동),,35.88662462,128.6390654,효목1동
,탈렌트,유흥주점영업,대구광역시 동구 동부로30길 46(2층 신천동),,35.8730292,128.6286058,신천4동
,탑(TOP) 유흥주점,유흥주점영업,대구광역시 북구 구암로 136(구암동),,35.93160845,128.5556222,구암동
,탑노래주점,유흥주점영업,대구광역시 동구 동부로22길 58(신천동),,35.87142323,128.6266945,신천4동
,탑노래클럽,유흥주점영업,대구광역시 동구 동부로22길 47(신천동),,35.87241838,128.6271252,신천4동
,태백산가요주점,유흥주점영업,대구광역시 서구 국채보상로46길 14(평리동),,35.86936497,128.5557558,평리4동
,태양,유흥주점영업,"대구광역시 달서구 월배로 337(송현동,지하1층)",,35.82555097,128.5467233,송현2동
,태평양,유흥주점영업,대구광역시 서구 달서로 148-2(비산동),,35.87547975,128.5714165,비산2.3동
,태희,유흥주점영업,대구광역시 달서구 와룡로 158(2층 감삼동),,35.84669816,128.5376481,감삼동
,탤런트,유흥주점영업,대구광역시 북구 동북로 278(복현동),,35.89310826,128.6203378,복현1동
,탱고유흥주점,유흥주점영업,대구광역시 동구 반야월로 174(신기동),,35.8722754,128.7073867,안심1동
,터널,유흥주점영업,대구광역시 서구 서대구로 90(평리동),,35.86589881,128.5560814,평리4동
,테라,유흥주점영업,대구광역시 남구 대명로 16(대명동),,35.83776638,128.559337,대명11동
,테라노래주점,유흥주점영업,대구광역시 북구 구암로 146(구암동),,35.93153755,128.5564337,구암동
,테라스,유흥주점영업,대구광역시 수성구 청수로25길 23(황금동),,35.84075873,128.6218917,황금2동
,테마노래주점,유흥주점영업,"대구광역시 달서구 도원로 19(도원동,지하1층)",,35.8079319,128.5360854,도원동
,테헤란,유흥주점영업,대구광역시 동구 신암남로27길 80(지하1층 신암동),,35.88367443,128.6306965,신암4동
,텐(TEN),유흥주점영업,대구광역시 수성구 동대구로 123(황금빌딩 5층 황금동),,35.84128282,128.6236075,황금2동
,텐가요방,유흥주점영업,대구광역시 달성군 화원읍 비슬로511길 2(3층),,35.80309994,128.4959039,화원읍
,텐가요주점,유흥주점영업,대구광역시 달서구 달서대로91길 14(A동 2층 호산동),,35.83998628,128.4900275,신당동
,텐프로,유흥주점영업,대구광역시 서구 달구벌대로 1769(내당동),,35.85852283,128.5584569,내당1동
,텐프로,유흥주점영업,대구광역시 남구 봉덕로 20(봉덕동),,35.84495623,128.5924971,봉덕3동
,텐프로,유흥주점영업,대구광역시 달서구 도원로 7(도원동),,35.80896466,128.5362311,도원동
,텐프로,유흥주점영업,대구광역시 북구 동천로 138-10(2층 동천동),,35.94356857,128.5620932,동천동
,텐프로,유흥주점영업,대구광역시 달성군 현풍읍 테크노상업로2길 19(305호 미소빌딩),,35.69168455,128.4558729,현풍읍
,텐프로 유흥주점,유흥주점영업,대구광역시 달서구 달구벌대로251안길 28(3층 이곡동),,35.85365613,128.5057994,이곡2동
,텐프로노래주점,유흥주점영업,"대구광역시 북구 구암로 142(구암동,지하1층)",,35.93155591,128.5562345,구암동
,텐프로주점,유흥주점영업,"대구광역시 서구 옥산로 52(원대동2가,72-1)",,35.88518863,128.5811687,원대동
,템플킹,유흥주점영업,대구광역시 달서구 이곡서로 15(이곡동),,35.85389033,128.5051964,이곡2동
,토니(TONY),유흥주점영업,대구광역시 달서구 달구벌대로251길 18(이곡동),,35.85366367,128.5052126,이곡2동
,토마토,유흥주점영업,대구광역시 달서구 상인서로 20(2층 상인동),,35.81276794,128.5462149,상인3동
,토마토,유흥주점영업,대구광역시 달서구 호산동로 84-15(호산동),,35.84276978,128.4877079,신당동
,토마토,유흥주점영업,대구광역시 남구 대명로 289-1(대명동),,35.84418402,128.5875276,대명5동
,토마토,유흥주점영업,대구광역시 동구 아양로 168(2층 신암동),,35.88534062,128.631308,신암4동
,토마토,유흥주점영업,"대구광역시 달서구 달구벌대로251안길 29(이곡동,지상4층)",,35.85330366,128.5054068,이곡2동
,토마토,유흥주점영업,대구광역시 달서구 와룡로 88(본리동),,35.84047704,128.5374223,본리동
,토마토,유흥주점영업,대구광역시 달성군 현풍읍 테크노공원로 17(3층 302호 밸류스퀘어 포),,35.69104675,128.4552271,현풍읍
,토마토,유흥주점영업,"대구광역시 북구 대학로 146(복현동,2층)",,35.8966152,128.6142504,복현1동
,토마토,유흥주점영업,대구광역시 수성구 동대구로 123(4층 황금동),,35.84128282,128.6236075,황금2동
,토마토,유흥주점영업,"대구광역시 달서구 이곡서로 86(이곡동,지상3층)",,35.85454315,128.5061083,이곡2동
,토토가,유흥주점영업,대구광역시 남구 이천로 13(봉덕동),,35.84227285,128.5976244,봉덕3동
,토토가클럽,유흥주점영업,대구광역시 남구 이천로 13(봉덕동),,35.84227285,128.5976244,봉덕3동
,투데이,유흥주점영업,대구광역시 서구 팔달로 198(원대동3가),,35.88808824,128.5715653,노원동
,투데이,유흥주점영업,대구광역시 수성구 동대구로25길 37(황금동),,35.84084808,128.6231758,황금2동
,투심(2sim),유흥주점영업,대구광역시 중구 동성로4길 39(삼덕동1가),,35.8665786,128.5986483,삼덕동
,투유,유흥주점영업,대구광역시 달서구 구마로 252(지하1층 송현동),,35.8368151,128.5553896,송현2동
,투투,유흥주점영업,대구광역시 북구 경진로1길 9(복현동),,35.89641058,128.6145232,복현1동
,틈클럽,유흥주점영업,대구광역시 수성구 동대구로 341-3(범어동),,35.86098168,128.6255131,범어3동
,티파니,유흥주점영업,대구광역시 동구 동부로22길 79-1(신천동),,35.86944478,128.6278585,신천4동
,파도노래주점,유흥주점영업,대구광역시 북구 경진로1길 17(복현동),,35.89651691,128.6155214,복현1동
,파라오,유흥주점영업,"대구광역시 달서구 달구벌대로251안길 28(이곡동,지상4층)",,35.85365613,128.5057994,이곡2동
,파라오가요주점,유흥주점영업,대구광역시 동구 팔공로 155(불로동),,35.91266765,128.6408446,불로봉무동
,파랑새,유흥주점영업,"대구광역시 달서구 상인서로 18-3(상인동,지상3층)",,35.81289623,128.5463719,상인3동
,파크싱투게더,유흥주점영업,대구광역시 수성구 팔현길 212(호텔인터불고 숙박별관동 1층 만촌동),,35.87439565,128.6596571,만촌1동
,파크주점,유흥주점영업,대구광역시 동구 효동로2길 33(효목동),,35.88064503,128.65233,효목1동
,파트너가요주점,유흥주점영업,대구광역시 달서구 달구벌대로 1894(두류동),,35.86165902,128.5716523,두류1.2동
,파트너가요주점,유흥주점영업,대구광역시 중구 국채보상로 452(대신동),,35.87024527,128.5800362,대신동
,파트너노래방식주점,유흥주점영업,"대구광역시 북구 칠곡중앙대로 205(태전동,2호)",,35.91445354,128.5481896,태전2동
,팔공산가요방유흥주점,유흥주점영업,대구광역시 북구 칠성시장로 26(칠성동1가),,35.87656655,128.6043009,칠성동
,팔레스주점,유흥주점영업,대구광역시 달서구 명덕로 2(두류동),,35.86163094,128.5720424,두류1.2동
,팡팡,유흥주점영업,"대구광역시 달서구 달구벌대로251길 8(이곡동,지하1층)",,35.85274438,128.5051422,이곡2동
,팡팡,유흥주점영업,대구광역시 수성구 지범로 171(지산동),,35.82211965,128.6386294,지산1동
,팡팡,유흥주점영업,대구광역시 수성구 상록로 34(지하1층 범어동),,35.86241153,128.6241602,범어3동
,팡팡,유흥주점영업,대구광역시 동구 동부로26길 68(신천동),,35.86996586,128.6279683,신천4동
,팩트(Fact),유흥주점영업,대구광역시 수성구 동대구로25길 34(황금동),,35.84106902,128.622831,황금2동
,퍼스트,유흥주점영업,대구광역시 수성구 동대구로25길 33(2층 황금동),,35.84108004,128.6232222,황금2동
,퍼시픽,유흥주점영업,대구광역시 동구 동부로22길 69(신천동),,35.87048077,128.6274298,신천4동
,퍼펙트,유흥주점영업,대구광역시 수성구 동대구로 117(4층 황금동),,35.84080269,128.6236609,황금2동
,페스티벌,유흥주점영업,대구광역시 달성군 화원읍 사문진로 440-1,,35.80369698,128.4967426,화원읍
,평화가요주점,유흥주점영업,대구광역시 동구 아양로 65(신암동),,35.8827767,128.6210336,신암1동
,포(FOUR),유흥주점영업,대구광역시 수성구 동대구로 123(황금빌딩 5층 황금동),,35.84128282,128.6236075,황금2동
,포끝노래타운,유흥주점영업,대구광역시 중구 동성로4길 25(삼덕동1가),,35.86595656,128.5984435,삼덕동
,포르테,유흥주점영업,대구광역시 달서구 달구벌대로251길 25(2층 이곡동),,35.85435589,128.5046264,이곡2동
,포유,유흥주점영업,대구광역시 남구 대명로 17(대명동),,35.83833679,128.5594773,대명10동
,포인트,유흥주점영업,대구광역시 달서구 와룡로31길 5(2층 감삼동),,35.84624877,128.5363223,감삼동
,포인트가요주점,유흥주점영업,대구광역시 동구 동부로28길 49(지하1층 신천동),,35.87169635,128.6284709,신천4동
,포천,유흥주점영업,대구광역시 수성구 신매로19길 66(신매동),,35.83971761,128.7060551,고산1동
,포커스,유흥주점영업,대구광역시 수성구 상록로2길 5(범어동),,35.86064254,128.6244571,범어3동
,포피스가요주점,유흥주점영업,"대구광역시 달서구 성서공단로15길 70(호산동,지상2층)",,35.84136412,128.4906338,신당동
,폭스,유흥주점영업,대구광역시 달서구 이곡서로 12(이곡동),,35.85433758,128.5058148,이곡2동
,폭스(FOX),유흥주점영업,대구광역시 남구 이천로 26(봉덕동),,35.84297548,128.598349,봉덕3동
,폭스(fox),유흥주점영업,대구광역시 북구 동천로 지하 138-14(동천동),,,,동천동
,퐁퐁,유흥주점영업,대구광역시 수성구 청수로 101-1(황금동),,35.84053542,128.6193871,황금2동
,풀,유흥주점영업,대구광역시 서구 국채보상로 304(평리동),,35.87171478,128.5643115,평리2동
,프라다,유흥주점영업,대구광역시 북구 경진로1길 71(3층 복현동),,35.89318147,128.6196872,복현1동
,프라하가요주점,유흥주점영업,대구광역시 서구 국채보상로 176(중리동),,35.86932679,128.5504783,상중이동
,프로왕,유흥주점영업,대구광역시 남구 대명로 3(대명동),,35.83809582,128.5584215,대명10동
,프린스,유흥주점영업,대구광역시 동구 아양로 30(신암동),,35.88156295,128.6175123,신암3동
,프린스,유흥주점영업,"대구광역시 달서구 와룡로 88(본리동,지상4층)",,35.84047704,128.5374223,본리동
,프린스,유흥주점영업,대구광역시 동구 동부로30길 8(신천동),,35.87639046,128.6286904,신천4동
,프린스가요주점,유흥주점영업,"대구광역시 달서구 달서대로95길 19(호산동,지상2층)",,35.84185039,128.489405,신당동
,프린스유흥주점,유흥주점영업,대구광역시 남구 명덕로 128(대명동),,35.85617208,128.5841065,대명3동
,플레이(PLAY),유흥주점영업,대구광역시 수성구 동대구로 115(황금동),,35.84060619,128.6235314,황금2동
,플레이2,유흥주점영업,대구광역시 중구 동성로4길 37(삼덕동1가),,35.86646684,128.5986093,삼덕동
,플렉스,유흥주점영업,대구광역시 수성구 동대구로 115(황금동),,35.84060619,128.6235314,황금2동
,피렌체가요주점,유흥주점영업,대구광역시 북구 유통단지로13길 13-11(산격동),,35.90784656,128.6083182,산격2동
,피앤피(PnP),유흥주점영업,대구광역시 수성구 동대구로25길 33(황금동),,35.84108004,128.6232222,황금2동
,필,유흥주점영업,"대구광역시 동구 동부로30길 21(신천동,5.6)",,35.87528369,128.6292418,신천4동
,필,유흥주점영업,"대구광역시 달서구 성서공단로15길 42(호림동,지상2층)",,35.83887862,128.4906269,신당동
,필 가요주점,유흥주점영업,대구광역시 남구 대명로 지하 289(대명동),,,,
,필라이브,유흥주점영업,대구광역시 달서구 구마로 112(본동),,35.83708534,128.5399085,본동
,필주점,유흥주점영업,대구광역시 서구 달서로 286(원대동3가),,35.88687099,128.5755662,원대동
,핑크라이브,유흥주점영업,대구광역시 서구 서대구로10길 6(지하1층 내당동),,35.86291779,128.5570906,내당1동
,하나비,유흥주점영업,"대구광역시 달서구 월배로 424(송현동,지하1층)",,35.83175233,128.5526934,송현1동
,하바나(HAVANA),유흥주점영업,대구광역시 중구 국채보상로123길 20-3(3층 문화동),,35.87165047,128.5978649,성내1동
,하야트,유흥주점영업,대구광역시 동구 화랑로25길 5(효목동),,35.87462102,128.64015,효목2동
,하얏트,유흥주점영업,대구광역시 수성구 동대구로 329(범어동),,35.85998783,128.6256117,범어3동
,하얏트,유흥주점영업,"대구광역시 달서구 상인서로 18-3(상인동,지상2층)",,35.81289623,128.5463719,상인3동
,하얏트가요주점,유흥주점영업,대구광역시 북구 유통단지로24길 14-7(산격동),,,,
,하이힐클럽,유흥주점영업,대구광역시 달서구 월곡로 180(상인동),,35.81222553,128.5451152,상인3동
,하하노래타운,유흥주점영업,대구광역시 북구 동천로 128-5(동천동),,35.94300135,128.5613486,동천동
,한강,유흥주점영업,대구광역시 서구 서대구로 132(평리동),,35.86970013,128.5555107,평리4동
,한강주점,유흥주점영업,대구광역시 서구 팔달로 152(비산동),,35.88875858,128.5666286,비산5동
,한국관,유흥주점영업,대구광역시 군위군 군위읍 동서길 36-1,,36.23572976,128.5658626,군위읍
,한국관,유흥주점영업,"대구광역시 수성구 청수로 123(황금동,,5)",,35.84039446,128.6215803,황금2동
,한비,유흥주점영업,대구광역시 달서구 월배로 113(진천동),,35.81495929,128.5268164,진천동
,한솔,유흥주점영업,대구광역시 달서구 대명천로11길 37(성당동),,35.83801388,128.5552871,성당동
,한음가요주점,유흥주점영업,대구광역시 달성군 화원읍 비슬로511길 27,,35.80394567,128.4960858,화원읍
,함지박유흥주점,유흥주점영업,대구광역시 북구 칠곡중앙대로91길 5-11(관음동),,35.93524413,128.5482744,관음동
,허니문주점,유흥주점영업,대구광역시 동구 아양로 지하 166(1층 신암동),,,,
,헤라,유흥주점영업,대구광역시 중구 동덕로 177(동인동2가),,35.87050278,128.6040098,동인동
,헤라,유흥주점영업,대구광역시 북구 유통단지로8길 21-25(산격동),,35.9047395,128.6091008,산격2동
,헤라,유흥주점영업,대구광역시 달성군 유가읍 테크노공원로 51(6층 601~602호),,35.69196534,128.4587997,유가읍
,헤라,유흥주점영업,"대구광역시 달서구 성서공단로11길 70-16(호산동,지상1층)",,35.84125372,128.4897546,신당동
,헤라 가요방,유흥주점영업,"대구광역시 달성군 유가면 테크노공원로 51(3층 304,305호 봉리타워613)",,35.69196534,128.4587997,유가읍
,헤라노래주점,유흥주점영업,대구광역시 동구 반야월로 227-19(지하1층 각산동),,35.87244447,128.7132889,안심4동
,헤븐,유흥주점영업,대구광역시 중구 태평로 194(태평로1가),,35.87405625,128.5989485,성내1동
,현희,유흥주점영업,"대구광역시 달서구 월배로 96(진천동,2층)",,35.81404597,128.5251767,진천동
,혜민,유흥주점영업,대구광역시 남구 대명로 308(대명동),,35.84467197,128.5896628,대명5동
,호박,유흥주점영업,"대구광역시 달서구 이곡서로 15(이곡동,지하1층)",,35.85389033,128.5051964,이곡2동
,호박,유흥주점영업,대구광역시 동구 아양로 122(지하1층 신암동),,35.88460961,128.6268783,신암4동
,호박나이트클럽,유흥주점영업,대구광역시 북구 칠곡중앙대로 435(관음동),,35.93463607,128.5483281,관음동
,호박주점,유흥주점영업,대구광역시 남구 두류공원로 39(대명동),,35.84129679,128.5729306,대명10동
,호산주점,유흥주점영업,"대구광역시 달서구 성서공단로15길 72(호산동,지상2층)",,35.84156873,128.490637,신당동
,호야,유흥주점영업,대구광역시 북구 동북로 258(지하1층 복현동),,35.8942854,128.6186148,복현1동
,호야,유흥주점영업,대구광역시 북구 신암로 73(대현동),,35.87846305,128.608467,대현동
,호연주점,유흥주점영업,대구광역시 북구 경진로1길 41(복현동),,35.89507174,128.6173506,복현1동
,호텔가요주점,유흥주점영업,대구광역시 서구 달서로 262-1(원대동3가),,35.88520609,128.5741604,원대동
,홀인원,유흥주점영업,대구광역시 달성군 유가읍 테크노공원로 59(3층 302호),,35.69197351,128.4596863,유가읍
,홈런,유흥주점영업,대구광역시 서구 서대구로 102(평리동),,35.86699119,128.5558438,평리4동
,홈런,유흥주점영업,대구광역시 서구 팔달로 136(비산동),,35.88907016,128.5649524,노원동
,홍도야,유흥주점영업,대구광역시 북구 대학로 145(산격동),,35.8970106,128.613883,산격3동
,홍주주점,유흥주점영업,대구광역시 북구 팔달로 227(노원동2가),,35.88794955,128.5749841,노원동
,홍콩,유흥주점영업,대구광역시 달서구 월배로 341(송현동),,35.82592586,128.547017,송현2동
,홍콩,유흥주점영업,"대구광역시 수성구 달구벌대로 2488(범어동,외1필지)",,35.8584336,128.6347906,범어1동
,홍콩노래방식주점,유흥주점영업,대구광역시 서구 고성로 64(지하 1층 원대동1가),,35.88452787,128.5737152,원대동
,홍콩노래주점,유흥주점영업,"대구광역시 달서구 상인서로 19(상인동,지하)",,35.81256456,128.5459272,상인3동
,홍콩유흥주점,유흥주점영업,대구광역시 북구 대학로 지하 140(복현동),,,,
,홍콩주점,유흥주점영업,대구광역시 북구 칠곡중앙대로 232(태전동),,35.9167136,128.5486864,태전2동
,화이트,유흥주점영업,"대구광역시 달서구 와룡로 98(본리동,지하)",,35.84141905,128.5374131,본리동
,화이트,유흥주점영업,대구광역시 동구 동북로 448(신암동),,35.88359205,128.6346744,신암4동
,환타지아노래주점,유흥주점영업,대구광역시 북구 동북로 288(복현동),,35.89253864,128.6212532,복현1동
,황궁,유흥주점영업,"대구광역시 달서구 성서공단로15길 66(호산동,지상2층)",,35.84094955,128.4906366,신당동
,황궁가요주점,유흥주점영업,"대구광역시 달서구 와룡로 88(본리동,지하1층)",,35.84047704,128.5374223,본리동
,황금가요주점,유흥주점영업,대구광역시 수성구 화랑로 134(만촌동),,35.87389687,128.6410075,효목2동
,황금주점,유흥주점영업,대구광역시 북구 칠곡중앙대로 407-1(태전동),,35.93205843,128.5478894,태전1동
,황실노래주점,유흥주점영업,대구광역시 서구 국채보상로 208(평리동),,35.8699954,128.5538842,평리4동
,황제,유흥주점영업,대구광역시 달서구 월배로 390(송현동),,35.82929961,128.5505966,송현1동
,황제,유흥주점영업,대구광역시 달서구 진천로 68(진천동),,35.8148873,128.5240539,진천동
,황제노래방식주점,유흥주점영업,대구광역시 북구 동북로 264(복현동),,35.89390914,128.6190723,복현1동
,황제노래주점,유흥주점영업,대구광역시 달서구 구마로 106(본동),,35.83712503,128.5392586,본동
,황제노래주점,유흥주점영업,대구광역시 북구 동천로 125-4(2층 동천동),,35.94313512,128.5602925,동천동
,황제주점,유흥주점영업,대구광역시 달서구 달구벌대로 1562(감삼동),,35.85010718,128.5380389,감삼동
,황제주점,유흥주점영업,대구광역시 남구 현충로 145(대명동),,35.84607487,128.5798047,대명1동
,황제주점,유흥주점영업,대구광역시 서구 달서로 270(원대동3가),,35.88572893,128.5745801,원대동
,황진이,유흥주점영업,대구광역시 서구 서대구로 54(내당동),,35.8627742,128.556628,내당1동
,황진이,유흥주점영업,대구광역시 서구 서대구로 366(비산동),,35.88879936,128.5612495,비산7동
,황진이,유흥주점영업,대구광역시 남구 대명로 292-1(대명동),,35.8440502,128.5882092,대명5동
,황진이가요주점,유흥주점영업,대구광역시 북구 대현로 62(대현동),,35.88386285,128.6061452,대현동
,황진이노래주점,유흥주점영업,"대구광역시 동구 아양로 341(입석동,5.15.24)",,35.89446908,128.6446082,지저동
,황후,유흥주점영업,대구광역시 달서구 성서공단로15길 27(호림동),,35.83762012,128.4901566,신당동
,희,유흥주점영업,대구광역시 남구 대명로 283(대명동),,35.84394905,128.5871626,대명5동
,희로,유흥주점영업,대구광역시 남구 이천로 25(봉덕동),,35.84340809,128.5979109,봉덕3동
,희로가요궁,유흥주점영업,대구광역시 동구 효목로 20(효목동),,35.87517769,128.6396655,효목2동
,희야노래주점,유흥주점영업,대구광역시 북구 한강로6길 19-1(3층 301호 사수동),,35.89525591,128.5160284,관문동
,힐링,유흥주점영업,대구광역시 남구 관문시장1길 12(대명동),,35.83715164,128.5585709,대명11동
,힐링,유흥주점영업,대구광역시 수성구 수성로 344-1(수성동2가),,35.85633176,128.6140147,수성2.3가동
,힐튼2,유흥주점영업,대구광역시 남구 대명로 61(대명동),,35.83949989,128.5641645,대명10동
,힐튼가요방,유흥주점영업,대구광역시 달성군 현풍읍 현풍중앙로 95(2층),,35.69725652,128.4430454,현풍읍
,？ 가요주점,유흥주점영업,대구광역시 중구 달구벌대로 2109-32(덕산동),,35.86670682,128.5940997,성내1동
,？ 주점,유흥주점영업,대구광역시 달서구 성당로 157(성당동),,35.84828099,128.5685869,성당동
